{
    "providers": [
		{
            "type": "ttf",
            "file": "minecraft:negative_spaces.ttf",
            "shift": [0.0, 0.0],
            "size": 10.0,
            "oversample": 1.0
        	},
		{
            "type": "bitmap",
            "file": "minecraft:font/A1.png",
            "ascent": 64,
            "height": 64,
            "chars": ["\uaaa1"]
        	},
		{
			"type": "bitmap",
			"file": "minecraft:font/ammonormal.png",
			"ascent": 8,
			"height": 8,
			"chars": ["\uaaa2"]
			},
		{
			"type": "bitmap",
			"file": "minecraft:font/ammofast.png",
			"ascent": 8,
			"height": 8,
			"chars": ["\uaaa3"]
			},
		{
			"type": "bitmap",
			"file": "minecraft:font/ammosharp.png",
			"ascent": 8,
			"height": 8,
			"chars": ["\uaaa4"]
			},
		{
			"type": "bitmap",
			"file": "minecraft:font/coins.png",
			"ascent": 8,
			"height": 8,
			"chars": ["\uaaa5"]
			},
		{
			"type": "bitmap",
			"file": "minecraft:font/hearts.png",
			"ascent": 8,
			"height": 8,
			"chars": ["\uaaa6"]
			},
		{
			"type": "bitmap",
			"file": "minecraft:font/armor.png",
			"ascent": 8,
			"height": 8,
			"chars": ["\uaaa7"]
			},
		{
		"type":"bitmap",
		"file":"minecraft:dark.png",
		"ascent":128,
		"height":256,
		"chars":["\uE000"]
		}
	]
}