{
	"credit": "Made with Blockbench",
	"texture_size": [32, 32],
	"textures": {
		"0": "item/spectate",
		"particle": "item/spectate"
	},
	"elements": [
		{
			"from": [1, 2, 5],
			"to": [9, 8, 11],
			"faces": {
				"north": {"uv": [0, 0, 4, 3], "texture": "#0"},
				"east": {"uv": [0, 6, 3, 9], "texture": "#0"},
				"south": {"uv": [0, 3, 4, 6], "texture": "#0"},
				"west": {"uv": [3, 6, 6, 9], "texture": "#0"},
				"up": {"uv": [8, 3, 4, 0], "texture": "#0"},
				"down": {"uv": [8, 3, 4, 6], "texture": "#0"}
			}
		},
		{
			"from": [3, 9, 7],
			"to": [7, 10, 9],
			"faces": {
				"north": {"uv": [11, 4, 13, 4.5], "texture": "#0"},
				"east": {"uv": [11, 7, 12, 7.5], "texture": "#0"},
				"south": {"uv": [4.5, 11, 6.5, 11.5], "texture": "#0"},
				"west": {"uv": [11, 7.5, 12, 8], "texture": "#0"},
				"up": {"uv": [11.5, 6, 9.5, 5], "texture": "#0"},
				"down": {"uv": [11.5, 10, 9.5, 11], "texture": "#0"}
			}
		},
		{
			"from": [-2.075, 11, 7],
			"to": [0.7, 12, 9],
			"rotation": {"angle": -45, "axis": "z", "origin": [0, 0, 0]},
			"faces": {
				"north": {"uv": [11, 4.5, 12.5, 5], "texture": "#0"},
				"east": {"uv": [8, 11, 9, 11.5], "texture": "#0"},
				"south": {"uv": [11, 6, 12.5, 6.5], "texture": "#0"},
				"west": {"uv": [11, 8, 12, 8.5], "texture": "#0"},
				"up": {"uv": [12.5, 1, 11, 0], "texture": "#0"},
				"down": {"uv": [12.5, 1, 11, 2], "texture": "#0"}
			}
		},
		{
			"from": [6.4, 3.975, 7],
			"to": [9.175, 4.975, 9],
			"rotation": {"angle": 45, "axis": "z", "origin": [0, 0, 0]},
			"faces": {
				"north": {"uv": [6.5, 11, 8, 11.5], "texture": "#0"},
				"east": {"uv": [11, 8.5, 12, 9], "texture": "#0"},
				"south": {"uv": [11, 6.5, 12.5, 7], "texture": "#0"},
				"west": {"uv": [9, 11, 10, 11.5], "texture": "#0"},
				"up": {"uv": [12.5, 3, 11, 2], "texture": "#0"},
				"down": {"uv": [12.5, 3, 11, 4], "texture": "#0"}
			}
		},
		{
			"from": [9, 3, 6],
			"to": [12, 7, 10],
			"faces": {
				"north": {"uv": [6.5, 9, 8, 11], "texture": "#0"},
				"east": {"uv": [4.5, 9, 6.5, 11], "texture": "#0"},
				"south": {"uv": [8, 9, 9.5, 11], "texture": "#0"},
				"west": {"uv": [9, 6, 11, 8], "texture": "#0"},
				"up": {"uv": [11, 5, 9.5, 3], "texture": "#0"},
				"down": {"uv": [11, 8, 9.5, 10], "texture": "#0"}
			}
		},
		{
			"from": [12, 2, 5],
			"to": [15, 8, 11],
			"faces": {
				"north": {"uv": [8, 3, 9.5, 6], "texture": "#0"},
				"east": {"uv": [6, 6, 9, 9], "texture": "#0"},
				"south": {"uv": [0, 9, 1.5, 12], "texture": "#0"},
				"west": {"uv": [8, 0, 11, 3], "texture": "#0"},
				"up": {"uv": [3, 12, 1.5, 9], "texture": "#0"},
				"down": {"uv": [4.5, 9, 3, 12], "texture": "#0"}
			}
		}
	],
	"display": {
		"thirdperson_righthand": {
			"rotation": [0, 90, 0],
			"translation": [0, 3.5, -1.75],
			"scale": [0.61, 0.61, 0.61]
		},
		"thirdperson_lefthand": {
			"rotation": [0, -92, 0],
			"translation": [0, 3.5, -1.75],
			"scale": [0.61, 0.61, 0.61]
		},
		"firstperson_righthand": {
			"rotation": [0, -142, 0],
			"translation": [-9.25, 9.75, 0],
			"scale": [0.46, 0.46, 0.46]
		},
		"gui": {
			"rotation": [15, -137, 0],
			"translation": [0, 2.25, 0]
		}
	}
}