{
	"credit": "Made with Blockbench",
	"texture_size": [32, 32],
	"textures": {
		"0": "item/stats",
		"particle": "item/stats"
	},
	"elements": [
		{
			"from": [5, 4, 7.5],
			"to": [11, 11, 8.5],
			"faces": {
				"north": {"uv": [0, 0, 3, 3.5], "texture": "#0"},
				"east": {"uv": [6, 0, 6.5, 3.5], "texture": "#0"},
				"south": {"uv": [3, 0, 6, 3.5], "texture": "#0"},
				"west": {"uv": [6, 3.5, 6.5, 7], "texture": "#0"},
				"up": {"uv": [3, 7, 0, 6.5], "texture": "#0"},
				"down": {"uv": [9.5, 0, 6.5, 0.5], "texture": "#0"}
			}
		},
		{
			"from": [5, 11, 7.25],
			"to": [11, 12.5, 8.75],
			"faces": {
				"north": {"uv": [0, 4.5, 3, 5.5], "texture": "#0"},
				"east": {"uv": [6.5, 1.5, 7.5, 2.5], "texture": "#0"},
				"south": {"uv": [3, 4.5, 6, 5.5], "texture": "#0"},
				"west": {"uv": [6.5, 2.5, 7.5, 3.5], "texture": "#0"},
				"up": {"uv": [3, 6.5, 0, 5.5], "texture": "#0"},
				"down": {"uv": [6, 5.5, 3, 6.5], "texture": "#0"}
			}
		},
		{
			"from": [3.5, 10.75, 7],
			"to": [5, 12.75, 9],
			"faces": {
				"north": {"uv": [3, 6.5, 4, 7.5], "texture": "#0"},
				"east": {"uv": [6.5, 3.5, 7.5, 4.5], "texture": "#0"},
				"south": {"uv": [4, 6.5, 5, 7.5], "texture": "#0"},
				"west": {"uv": [6.5, 4.5, 7.5, 5.5], "texture": "#0"},
				"up": {"uv": [6, 7.5, 5, 6.5], "texture": "#0"},
				"down": {"uv": [7.5, 5.5, 6.5, 6.5], "texture": "#0"}
			}
		},
		{
			"from": [11, 10.75, 7],
			"to": [12.5, 12.75, 9],
			"faces": {
				"north": {"uv": [6.5, 6.5, 7.5, 7.5], "texture": "#0"},
				"east": {"uv": [0, 7, 1, 8], "texture": "#0"},
				"south": {"uv": [1, 7, 2, 8], "texture": "#0"},
				"west": {"uv": [2, 7, 3, 8], "texture": "#0"},
				"up": {"uv": [8.5, 2.5, 7.5, 1.5], "texture": "#0"},
				"down": {"uv": [8.5, 2.5, 7.5, 3.5], "texture": "#0"}
			}
		},
		{
			"from": [5, -1.275, 8.5],
			"to": [11, 0.825, 9.5],
			"rotation": {"angle": -22.5, "axis": "x", "origin": [0, 0, 0]},
			"faces": {
				"north": {"uv": [0, 3.5, 3, 4.5], "texture": "#0"},
				"east": {"uv": [6, 7, 6.5, 8], "texture": "#0"},
				"south": {"uv": [3, 3.5, 6, 4.5], "texture": "#0"},
				"west": {"uv": [3, 7.5, 3.5, 8.5], "texture": "#0"},
				"up": {"uv": [9.5, 1, 6.5, 0.5], "texture": "#0"},
				"down": {"uv": [9.5, 1, 6.5, 1.5], "texture": "#0"}
			}
		}
	],
	"display": {
		"thirdperson_righthand": {
			"rotation": [0, 151, 0],
			"scale": [0.65, 0.65, 0.65]
		},
		"thirdperson_lefthand": {
			"rotation": [0, 151, 0],
			"scale": [0.65, 0.65, 0.65]
		},
		"firstperson_righthand": {
			"rotation": [0, 154, 0],
			"translation": [-9, 8.5, 0],
			"scale": [0.58, 0.58, 0.58]
		},
		"firstperson_lefthand": {
			"rotation": [0, 154, 0],
			"translation": [-9, 8.5, 0],
			"scale": [0.58, 0.58, 0.58]
		},
		"ground": {
			"translation": [0, 2, 0]
		},
		"gui": {
			"rotation": [21, 149, 0],
			"translation": [0, 0.25, 0]
		}
	}
}