{
	"credit": "Made with Blockbench",
	"texture_size": [32, 32],
	"textures": {
		"0": "item/settings",
		"particle": "item/settings"
	},
	"elements": [
		{
			"from": [6.5, 3, 4],
			"to": [9.5, 9, 5],
			"faces": {
				"north": {"uv": [0, 0, 1.5, 3], "texture": "#0"},
				"east": {"uv": [0, 8, 0.5, 11], "texture": "#0"},
				"south": {"uv": [1.5, 0, 3, 3], "texture": "#0"},
				"west": {"uv": [0.5, 8, 1, 11], "texture": "#0"},
				"up": {"uv": [14, 5.5, 12.5, 5], "texture": "#0"},
				"down": {"uv": [7, 12.5, 5.5, 13], "texture": "#0"}
			}
		},
		{
			"from": [6.5, 4, 5],
			"to": [9.5, 8, 6],
			"faces": {
				"north": {"uv": [0, 6, 1.5, 8], "texture": "#0"},
				"east": {"uv": [12.5, 1, 13, 3], "texture": "#0"},
				"south": {"uv": [6, 0, 7.5, 2], "texture": "#0"},
				"west": {"uv": [12.5, 3, 13, 5], "texture": "#0"},
				"up": {"uv": [14, 6, 12.5, 5.5], "texture": "#0"},
				"down": {"uv": [14, 6, 12.5, 6.5], "texture": "#0"}
			}
		},
		{
			"from": [6.5, 4, 10],
			"to": [9.5, 8, 11],
			"faces": {
				"north": {"uv": [1.5, 6, 3, 8], "texture": "#0"},
				"east": {"uv": [4.5, 12.5, 5, 14.5], "texture": "#0"},
				"south": {"uv": [6, 2, 7.5, 4], "texture": "#0"},
				"west": {"uv": [5, 12.5, 5.5, 14.5], "texture": "#0"},
				"up": {"uv": [14, 7, 12.5, 6.5], "texture": "#0"},
				"down": {"uv": [14, 7, 12.5, 7.5], "texture": "#0"}
			}
		},
		{
			"from": [6.5, 8, 5],
			"to": [9.5, 10, 11],
			"faces": {
				"north": {"uv": [7.5, 3, 9, 4], "texture": "#0"},
				"east": {"uv": [3, 6, 6, 7], "texture": "#0"},
				"south": {"uv": [1, 8, 2.5, 9], "texture": "#0"},
				"west": {"uv": [6, 4, 9, 5], "texture": "#0"},
				"up": {"uv": [1.5, 6, 0, 3], "texture": "#0"},
				"down": {"uv": [4.5, 0, 3, 3], "texture": "#0"}
			}
		},
		{
			"from": [6.75, 11.85, 0.5],
			"to": [9.25, 14.45, 2.5],
			"rotation": {"angle": 45, "axis": "x", "origin": [0, 0, 0]},
			"faces": {
				"north": {"uv": [3, 7, 4.5, 8.5], "texture": "#0"},
				"east": {"uv": [2.5, 8.5, 3.5, 10], "texture": "#0"},
				"south": {"uv": [4.5, 7, 6, 8.5], "texture": "#0"},
				"west": {"uv": [3.5, 8.5, 4.5, 10], "texture": "#0"},
				"up": {"uv": [6, 9.5, 4.5, 8.5], "texture": "#0"},
				"down": {"uv": [7.5, 8.5, 6, 9.5], "texture": "#0"}
			}
		},
		{
			"from": [6.75, 5.3, 0.5],
			"to": [9.25, 8, 2.5],
			"rotation": {"angle": 45, "axis": "x", "origin": [0, 0, 0]},
			"faces": {
				"north": {"uv": [6, 7, 7.5, 8.5], "texture": "#0"},
				"east": {"uv": [7.5, 8.5, 8.5, 10], "texture": "#0"},
				"south": {"uv": [7.5, 0, 9, 1.5], "texture": "#0"},
				"west": {"uv": [8.5, 8.5, 9.5, 10], "texture": "#0"},
				"up": {"uv": [10.5, 1, 9, 0], "texture": "#0"},
				"down": {"uv": [2.5, 9, 1, 10], "texture": "#0"}
			}
		},
		{
			"from": [6.75, 8.925, -1.5],
			"to": [9.25, 10.925, -0.5],
			"rotation": {"angle": 45, "axis": "x", "origin": [0, 0, 0]},
			"faces": {
				"north": {"uv": [9, 1, 10.5, 2], "texture": "#0"},
				"east": {"uv": [7, 12.5, 7.5, 13.5], "texture": "#0"},
				"south": {"uv": [9, 2, 10.5, 3], "texture": "#0"},
				"west": {"uv": [13, 1.5, 13.5, 2.5], "texture": "#0"},
				"up": {"uv": [14, 8, 12.5, 7.5], "texture": "#0"},
				"down": {"uv": [14, 12, 12.5, 12.5], "texture": "#0"}
			}
		},
		{
			"from": [6.75, 8.925, -3.2],
			"to": [9.25, 10.925, -2.2],
			"rotation": {"angle": 45, "axis": "x", "origin": [0, 0, 0]},
			"faces": {
				"north": {"uv": [9, 3, 10.5, 4], "texture": "#0"},
				"east": {"uv": [13, 2.5, 13.5, 3.5], "texture": "#0"},
				"south": {"uv": [9, 4, 10.5, 5], "texture": "#0"},
				"west": {"uv": [3, 13, 3.5, 14], "texture": "#0"},
				"up": {"uv": [14, 13, 12.5, 12.5], "texture": "#0"},
				"down": {"uv": [1.5, 13, 0, 13.5], "texture": "#0"}
			}
		},
		{
			"from": [6.75, 8.925, 3.325],
			"to": [9.25, 10.925, 6],
			"rotation": {"angle": 45, "axis": "x", "origin": [0, 0, 0]},
			"faces": {
				"north": {"uv": [9, 5, 10.5, 6], "texture": "#0"},
				"east": {"uv": [9, 6, 10.5, 7], "texture": "#0"},
				"south": {"uv": [9, 7, 10.5, 8], "texture": "#0"},
				"west": {"uv": [4.5, 9.5, 6, 10.5], "texture": "#0"},
				"up": {"uv": [9, 3, 7.5, 1.5], "texture": "#0"},
				"down": {"uv": [9, 7, 7.5, 8.5], "texture": "#0"}
			}
		},
		{
			"from": [6.5, 2, 5],
			"to": [9.5, 4, 11],
			"faces": {
				"north": {"uv": [6, 9.5, 7.5, 10.5], "texture": "#0"},
				"east": {"uv": [6, 5, 9, 6], "texture": "#0"},
				"south": {"uv": [9.5, 8, 11, 9], "texture": "#0"},
				"west": {"uv": [6, 6, 9, 7], "texture": "#0"},
				"up": {"uv": [3, 6, 1.5, 3], "texture": "#0"},
				"down": {"uv": [4.5, 3, 3, 6], "texture": "#0"}
			}
		},
		{
			"from": [6.5, 3, 11],
			"to": [9.5, 9, 12],
			"faces": {
				"north": {"uv": [4.5, 0, 6, 3], "texture": "#0"},
				"east": {"uv": [9.5, 9, 10, 12], "texture": "#0"},
				"south": {"uv": [4.5, 3, 6, 6], "texture": "#0"},
				"west": {"uv": [1, 10, 1.5, 13], "texture": "#0"},
				"up": {"uv": [14.5, 1.5, 13, 1], "texture": "#0"},
				"down": {"uv": [3, 13, 1.5, 13.5], "texture": "#0"}
			}
		},
		{
			"from": [7, 5, 2],
			"to": [9, 7, 4],
			"rotation": {"angle": -45, "axis": "x", "origin": [8, 6, 8]},
			"faces": {
				"north": {"uv": [10, 10, 11, 11], "texture": "#0"},
				"east": {"uv": [10.5, 0, 11.5, 1], "texture": "#0"},
				"south": {"uv": [10.5, 1, 11.5, 2], "texture": "#0"},
				"west": {"uv": [10.5, 2, 11.5, 3], "texture": "#0"},
				"up": {"uv": [11.5, 4, 10.5, 3], "texture": "#0"},
				"down": {"uv": [11.5, 4, 10.5, 5], "texture": "#0"}
			}
		},
		{
			"from": [7, 0, 7],
			"to": [9, 2, 9],
			"rotation": {"angle": 0, "axis": "y", "origin": [8, 6, 8]},
			"faces": {
				"north": {"uv": [4.5, 10.5, 5.5, 11.5], "texture": "#0"},
				"east": {"uv": [10.5, 5, 11.5, 6], "texture": "#0"},
				"south": {"uv": [5.5, 10.5, 6.5, 11.5], "texture": "#0"},
				"west": {"uv": [10.5, 6, 11.5, 7], "texture": "#0"},
				"up": {"uv": [7.5, 11.5, 6.5, 10.5], "texture": "#0"},
				"down": {"uv": [11.5, 7, 10.5, 8], "texture": "#0"}
			}
		},
		{
			"from": [7, 0, 7],
			"to": [9, 2, 9],
			"rotation": {"angle": -45, "axis": "x", "origin": [8, 6, 8]},
			"faces": {
				"north": {"uv": [0, 11, 1, 12], "texture": "#0"},
				"east": {"uv": [1.5, 11, 2.5, 12], "texture": "#0"},
				"south": {"uv": [2.5, 11, 3.5, 12], "texture": "#0"},
				"west": {"uv": [3.5, 11, 4.5, 12], "texture": "#0"},
				"up": {"uv": [8.5, 12, 7.5, 11], "texture": "#0"},
				"down": {"uv": [12, 8, 11, 9], "texture": "#0"}
			}
		},
		{
			"from": [7, 5, 12],
			"to": [9, 7, 14],
			"rotation": {"angle": 0, "axis": "x", "origin": [8, 6, 8]},
			"faces": {
				"north": {"uv": [8.5, 11, 9.5, 12], "texture": "#0"},
				"east": {"uv": [11, 9, 12, 10], "texture": "#0"},
				"south": {"uv": [10, 11, 11, 12], "texture": "#0"},
				"west": {"uv": [11, 10, 12, 11], "texture": "#0"},
				"up": {"uv": [12, 12, 11, 11], "texture": "#0"},
				"down": {"uv": [12.5, 0, 11.5, 1], "texture": "#0"}
			}
		},
		{
			"from": [7, 5, 12],
			"to": [9, 7, 14],
			"rotation": {"angle": -45, "axis": "x", "origin": [8, 6, 8]},
			"faces": {
				"north": {"uv": [11.5, 1, 12.5, 2], "texture": "#0"},
				"east": {"uv": [11.5, 2, 12.5, 3], "texture": "#0"},
				"south": {"uv": [11.5, 3, 12.5, 4], "texture": "#0"},
				"west": {"uv": [11.5, 4, 12.5, 5], "texture": "#0"},
				"up": {"uv": [5.5, 12.5, 4.5, 11.5], "texture": "#0"},
				"down": {"uv": [12.5, 5, 11.5, 6], "texture": "#0"}
			}
		},
		{
			"from": [7, 10, 7],
			"to": [9, 12, 9],
			"rotation": {"angle": 0, "axis": "x", "origin": [8, 6, 8]},
			"faces": {
				"north": {"uv": [5.5, 11.5, 6.5, 12.5], "texture": "#0"},
				"east": {"uv": [11.5, 6, 12.5, 7], "texture": "#0"},
				"south": {"uv": [6.5, 11.5, 7.5, 12.5], "texture": "#0"},
				"west": {"uv": [11.5, 7, 12.5, 8], "texture": "#0"},
				"up": {"uv": [1, 13, 0, 12], "texture": "#0"},
				"down": {"uv": [2.5, 12, 1.5, 13], "texture": "#0"}
			}
		},
		{
			"from": [7, 10, 7],
			"to": [9, 12, 9],
			"rotation": {"angle": -45, "axis": "x", "origin": [8, 6, 8]},
			"faces": {
				"north": {"uv": [2.5, 12, 3.5, 13], "texture": "#0"},
				"east": {"uv": [3.5, 12, 4.5, 13], "texture": "#0"},
				"south": {"uv": [7.5, 12, 8.5, 13], "texture": "#0"},
				"west": {"uv": [12, 8, 13, 9], "texture": "#0"},
				"up": {"uv": [9.5, 13, 8.5, 12], "texture": "#0"},
				"down": {"uv": [13, 9, 12, 10], "texture": "#0"}
			}
		},
		{
			"from": [7, 5, 2],
			"to": [9, 7, 4],
			"rotation": {"angle": 0, "axis": "x", "origin": [8, 6, 8]},
			"faces": {
				"north": {"uv": [9.5, 12, 10.5, 13], "texture": "#0"},
				"east": {"uv": [12, 10, 13, 11], "texture": "#0"},
				"south": {"uv": [10.5, 12, 11.5, 13], "texture": "#0"},
				"west": {"uv": [12, 11, 13, 12], "texture": "#0"},
				"up": {"uv": [12.5, 13, 11.5, 12], "texture": "#0"},
				"down": {"uv": [13.5, 0, 12.5, 1], "texture": "#0"}
			}
		},
		{
			"from": [7, 5.25, 7.25],
			"to": [9, 6.75, 8.75],
			"faces": {
				"north": {"uv": [1.5, 10, 2.5, 11], "texture": "#0"},
				"east": {"uv": [2.5, 10, 3.5, 11], "texture": "#0"},
				"south": {"uv": [3.5, 10, 4.5, 11], "texture": "#0"},
				"west": {"uv": [7.5, 10, 8.5, 11], "texture": "#0"},
				"up": {"uv": [9.5, 11, 8.5, 10], "texture": "#0"},
				"down": {"uv": [11, 9, 10, 10], "texture": "#0"}
			}
		}
	],
	"display": {
		"thirdperson_righthand": {
			"rotation": [0, 31, 0],
			"translation": [0, 3.5, 0],
			"scale": [0.49, 0.49, 0.49]
		},
		"thirdperson_lefthand": {
			"rotation": [0, 31, 0],
			"translation": [0, 3.5, 0],
			"scale": [0.49, 0.49, 0.49]
		},
		"firstperson_righthand": {
			"rotation": [0, 75, 0],
			"translation": [-9, 9.3, 0],
			"scale": [0.45, 0.45, 0.45]
		},
		"firstperson_lefthand": {
			"rotation": [0, 90, 0],
			"translation": [-9, 9.3, 0],
			"scale": [0.45, 0.45, 0.45]
		},
		"ground": {
			"translation": [0, 6.5, 0],
			"scale": [0.83, 0.83, 0.83]
		},
		"gui": {
			"rotation": [0, 90, 0],
			"translation": [0, 2.5, 0]
		},
		"fixed": {
			"rotation": [0, 90, 0],
			"translation": [0, 2, 0]
		}
	},
	"groups": [
		{
			"name": "group",
			"origin": [0, 0, 0],
			"color": 0,
			"nbt": "{}",
			"armAnimationEnabled": false,
			"children": [0, 1, 2, 3, 4, 5, 6, 7, 8, 9, 10]
		},
		{
			"name": "group",
			"origin": [8, 6, 8],
			"color": 0,
			"nbt": "{}",
			"armAnimationEnabled": false,
			"children": [11, 12, 13, 14, 15, 16, 17, 18]
		},
		19
	]
}