{
	"credit": "Made with Blockbench",
	"texture_size": [32, 32],
	"textures": {
		"0": "item/chat",
		"particle": "item/chat"
	},
	"elements": [
		{
			"from": [0, 0, 7],
			"to": [16, 11, 9],
			"faces": {
				"north": {"uv": [0, 0, 8, 5.5], "texture": "#0"},
				"east": {"uv": [8, 2, 9, 7.5], "texture": "#0"},
				"south": {"uv": [0, 5.5, 8, 11], "texture": "#0"},
				"west": {"uv": [8, 7.5, 9, 13], "texture": "#0"},
				"up": {"uv": [16, 1, 8, 0], "texture": "#0"},
				"down": {"uv": [16, 1, 8, 2], "texture": "#0"}
			}
		},
		{
			"from": [3, 11, 7],
			"to": [13, 12, 9],
			"faces": {
				"north": {"uv": [9, 4, 14, 4.5], "texture": "#0"},
				"east": {"uv": [9.5, 10, 10.5, 10.5], "texture": "#0"},
				"south": {"uv": [9, 4.5, 14, 5], "texture": "#0"},
				"west": {"uv": [10.5, 7, 11.5, 7.5], "texture": "#0"},
				"up": {"uv": [14, 3, 9, 2], "texture": "#0"},
				"down": {"uv": [14, 3, 9, 4], "texture": "#0"}
			}
		},
		{
			"from": [14, 2, 7.5],
			"to": [20, 3, 8.5],
			"rotation": {"angle": 45, "axis": "z", "origin": [0, 0, 0]},
			"faces": {
				"north": {"uv": [9, 5, 12, 5.5], "texture": "#0"},
				"east": {"uv": [10.5, 7.5, 11, 8], "texture": "#0"},
				"south": {"uv": [9, 5.5, 12, 6], "texture": "#0"},
				"west": {"uv": [10.5, 8, 11, 8.5], "texture": "#0"},
				"up": {"uv": [12, 6.5, 9, 6], "texture": "#0"},
				"down": {"uv": [12, 6.5, 9, 7], "texture": "#0"}
			}
		},
		{
			"from": [13, 3, 7.5],
			"to": [14, 9, 8.5],
			"rotation": {"angle": 45, "axis": "z", "origin": [0, 0, 0]},
			"faces": {
				"north": {"uv": [9, 7, 9.5, 10], "texture": "#0"},
				"east": {"uv": [9.5, 7, 10, 10], "texture": "#0"},
				"south": {"uv": [10, 7, 10.5, 10], "texture": "#0"},
				"west": {"uv": [9, 10, 9.5, 13], "texture": "#0"},
				"up": {"uv": [11, 9, 10.5, 8.5], "texture": "#0"},
				"down": {"uv": [11, 9, 10.5, 9.5], "texture": "#0"}
			}
		}
	],
	"display": {
		"thirdperson_righthand": {
			"rotation": [0, 151, 0],
			"translation": [0.5, 3.75, 1.25],
			"scale": [0.5, 0.5, 0.5]
		},
		"thirdperson_lefthand": {
			"rotation": [0, 151, 0],
			"translation": [0.5, 3.75, 1.25],
			"scale": [0.5, 0.5, 0.5]
		},
		"firstperson_righthand": {
			"rotation": [0, 154, 0],
			"translation": [-9, 9.25, 0],
			"scale": [0.51, 0.51, 0.51]
		},
		"firstperson_lefthand": {
			"rotation": [0, 154, 0],
			"translation": [-9, 9.25, 0],
			"scale": [0.51, 0.51, 0.51]
		},
		"ground": {
			"translation": [0, 2.25, 0],
			"scale": [0.66, 0.66, 0.66]
		},
		"gui": {
			"rotation": [14, 154, 0],
			"translation": [0, 0.25, 0],
			"scale": [0.88, 0.88, 0.88]
		}
	}
}