{
	"credit": "Made with Blockbench",
	"texture_size": [32, 32],
	"textures": {
		"0": "item/engine_button",
		"particle": "item/engine_button"
	},
	"elements": [
		{
			"from": [6, 1, 0],
			"to": [10, 2, 4],
			"faces": {
				"north": {"uv": [6, 6, 8, 6.5], "texture": "#0"},
				"east": {"uv": [0, 6.5, 2, 7], "texture": "#0"},
				"south": {"uv": [2, 6.5, 4, 7], "texture": "#0"},
				"west": {"uv": [4, 6.5, 6, 7], "texture": "#0"},
				"up": {"uv": [2, 4, 0, 2], "texture": "#0"},
				"down": {"uv": [4, 2, 2, 4], "texture": "#0"}
			}
		},
		{
			"from": [5, 1, 4],
			"to": [11, 2, 5],
			"faces": {
				"north": {"uv": [4, 5.5, 7, 6], "texture": "#0"},
				"east": {"uv": [8, 8.5, 8.5, 9], "texture": "#0"},
				"south": {"uv": [0, 6, 3, 6.5], "texture": "#0"},
				"west": {"uv": [8.5, 8.5, 9, 9], "texture": "#0"},
				"up": {"uv": [9, 0.5, 6, 0], "texture": "#0"},
				"down": {"uv": [9, 0.5, 6, 1], "texture": "#0"}
			}
		},
		{
			"from": [6, 1, 11],
			"to": [10, 2, 12],
			"faces": {
				"north": {"uv": [6, 6.5, 8, 7], "texture": "#0"},
				"east": {"uv": [1, 9, 1.5, 9.5], "texture": "#0"},
				"south": {"uv": [0, 7, 2, 7.5], "texture": "#0"},
				"west": {"uv": [9, 1, 9.5, 1.5], "texture": "#0"},
				"up": {"uv": [4, 7.5, 2, 7], "texture": "#0"},
				"down": {"uv": [6, 7, 4, 7.5], "texture": "#0"}
			}
		},
		{
			"from": [6, 1, 13],
			"to": [10, 2, 14],
			"faces": {
				"north": {"uv": [7, 5.5, 9, 6], "texture": "#0"},
				"east": {"uv": [9, 2.5, 9.5, 3], "texture": "#0"},
				"south": {"uv": [6, 7, 8, 7.5], "texture": "#0"},
				"west": {"uv": [3, 9, 3.5, 9.5], "texture": "#0"},
				"up": {"uv": [2, 8, 0, 7.5], "texture": "#0"},
				"down": {"uv": [4, 7.5, 2, 8], "texture": "#0"}
			}
		},
		{
			"from": [5, 1, 15],
			"to": [11, 2, 16],
			"faces": {
				"north": {"uv": [6, 1, 9, 1.5], "texture": "#0"},
				"east": {"uv": [9, 4, 9.5, 4.5], "texture": "#0"},
				"south": {"uv": [6, 1.5, 9, 2], "texture": "#0"},
				"west": {"uv": [4.5, 9, 5, 9.5], "texture": "#0"},
				"up": {"uv": [6, 6.5, 3, 6], "texture": "#0"},
				"down": {"uv": [9, 4, 6, 4.5], "texture": "#0"}
			}
		},
		{
			"from": [10, 1, 12],
			"to": [12, 2, 13],
			"faces": {
				"north": {"uv": [8, 5, 9, 5.5], "texture": "#0"},
				"east": {"uv": [9, 3, 9.5, 3.5], "texture": "#0"},
				"south": {"uv": [6, 8, 7, 8.5], "texture": "#0"},
				"west": {"uv": [3.5, 9, 4, 9.5], "texture": "#0"},
				"up": {"uv": [9, 6.5, 8, 6], "texture": "#0"},
				"down": {"uv": [9, 6.5, 8, 7], "texture": "#0"}
			}
		},
		{
			"from": [4, 1, 12],
			"to": [6, 2, 13],
			"faces": {
				"north": {"uv": [7, 8, 8, 8.5], "texture": "#0"},
				"east": {"uv": [9, 3.5, 9.5, 4], "texture": "#0"},
				"south": {"uv": [8, 7, 9, 7.5], "texture": "#0"},
				"west": {"uv": [4, 9, 4.5, 9.5], "texture": "#0"},
				"up": {"uv": [9, 8, 8, 7.5], "texture": "#0"},
				"down": {"uv": [9, 8, 8, 8.5], "texture": "#0"}
			}
		},
		{
			"from": [3, 1, 14],
			"to": [5, 2, 15],
			"faces": {
				"north": {"uv": [0, 8.5, 1, 9], "texture": "#0"},
				"east": {"uv": [9, 4.5, 9.5, 5], "texture": "#0"},
				"south": {"uv": [1, 8.5, 2, 9], "texture": "#0"},
				"west": {"uv": [5, 9, 5.5, 9.5], "texture": "#0"},
				"up": {"uv": [3, 9, 2, 8.5], "texture": "#0"},
				"down": {"uv": [4, 8.5, 3, 9], "texture": "#0"}
			}
		},
		{
			"from": [11, 1, 14],
			"to": [13, 2, 15],
			"faces": {
				"north": {"uv": [4, 8.5, 5, 9], "texture": "#0"},
				"east": {"uv": [9, 5, 9.5, 5.5], "texture": "#0"},
				"south": {"uv": [5, 8.5, 6, 9], "texture": "#0"},
				"west": {"uv": [5.5, 9, 6, 9.5], "texture": "#0"},
				"up": {"uv": [7, 9, 6, 8.5], "texture": "#0"},
				"down": {"uv": [8, 8.5, 7, 9], "texture": "#0"}
			}
		},
		{
			"from": [13, 1, 13],
			"to": [14, 2, 14],
			"faces": {
				"north": {"uv": [9, 5.5, 9.5, 6], "texture": "#0"},
				"east": {"uv": [6, 9, 6.5, 9.5], "texture": "#0"},
				"south": {"uv": [9, 6, 9.5, 6.5], "texture": "#0"},
				"west": {"uv": [6.5, 9, 7, 9.5], "texture": "#0"},
				"up": {"uv": [9.5, 7, 9, 6.5], "texture": "#0"},
				"down": {"uv": [7.5, 9, 7, 9.5], "texture": "#0"}
			}
		},
		{
			"from": [2, 1, 13],
			"to": [3, 2, 14],
			"faces": {
				"north": {"uv": [9, 7, 9.5, 7.5], "texture": "#0"},
				"east": {"uv": [7.5, 9, 8, 9.5], "texture": "#0"},
				"south": {"uv": [9, 7.5, 9.5, 8], "texture": "#0"},
				"west": {"uv": [8, 9, 8.5, 9.5], "texture": "#0"},
				"up": {"uv": [9.5, 8.5, 9, 8], "texture": "#0"},
				"down": {"uv": [9, 9, 8.5, 9.5], "texture": "#0"}
			}
		},
		{
			"from": [9, 1, 10],
			"to": [11, 2, 11],
			"faces": {
				"north": {"uv": [6, 7.5, 7, 8], "texture": "#0"},
				"east": {"uv": [1.5, 9, 2, 9.5], "texture": "#0"},
				"south": {"uv": [7, 7.5, 8, 8], "texture": "#0"},
				"west": {"uv": [9, 1.5, 9.5, 2], "texture": "#0"},
				"up": {"uv": [1, 8.5, 0, 8], "texture": "#0"},
				"down": {"uv": [2, 8, 1, 8.5], "texture": "#0"}
			}
		},
		{
			"from": [5, 1, 10],
			"to": [7, 2, 11],
			"faces": {
				"north": {"uv": [2, 8, 3, 8.5], "texture": "#0"},
				"east": {"uv": [2, 9, 2.5, 9.5], "texture": "#0"},
				"south": {"uv": [3, 8, 4, 8.5], "texture": "#0"},
				"west": {"uv": [2.5, 9, 3, 9.5], "texture": "#0"},
				"up": {"uv": [5, 8.5, 4, 8], "texture": "#0"},
				"down": {"uv": [6, 8, 5, 8.5], "texture": "#0"}
			}
		},
		{
			"from": [4, 1, 5],
			"to": [12, 2, 6],
			"faces": {
				"north": {"uv": [0, 5, 4, 5.5], "texture": "#0"},
				"east": {"uv": [0, 9, 0.5, 9.5], "texture": "#0"},
				"south": {"uv": [4, 5, 8, 5.5], "texture": "#0"},
				"west": {"uv": [9, 0, 9.5, 0.5], "texture": "#0"},
				"up": {"uv": [9, 5, 5, 4.5], "texture": "#0"},
				"down": {"uv": [4, 5.5, 0, 6], "texture": "#0"}
			}
		},
		{
			"from": [3, 1, 6],
			"to": [13, 2, 7],
			"faces": {
				"north": {"uv": [4, 2.5, 9, 3], "texture": "#0"},
				"east": {"uv": [0.5, 9, 1, 9.5], "texture": "#0"},
				"south": {"uv": [4, 3, 9, 3.5], "texture": "#0"},
				"west": {"uv": [9, 0.5, 9.5, 1], "texture": "#0"},
				"up": {"uv": [9, 4, 4, 3.5], "texture": "#0"},
				"down": {"uv": [5, 4.5, 0, 5], "texture": "#0"}
			}
		},
		{
			"from": [2, 1, 7],
			"to": [14, 2, 9],
			"faces": {
				"north": {"uv": [0, 4, 6, 4.5], "texture": "#0"},
				"east": {"uv": [4, 7.5, 5, 8], "texture": "#0"},
				"south": {"uv": [4, 2, 10, 2.5], "texture": "#0"},
				"west": {"uv": [5, 7.5, 6, 8], "texture": "#0"},
				"up": {"uv": [6, 1, 0, 0], "texture": "#0"},
				"down": {"uv": [6, 1, 0, 2], "texture": "#0"}
			}
		}
	],
	"display": {
		"thirdperson_righthand": {
			"rotation": [-34, -90.5, 0],
			"translation": [0, 2.5, -1.25],
			"scale": [0.34, 0.34, 0.34]
		},
		"thirdperson_lefthand": {
			"rotation": [-34, 90, 0],
			"translation": [0, 2.5, -1.25],
			"scale": [0.34, 0.34, 0.34]
		},
		"firstperson_righthand": {
			"rotation": [90, 90, 0],
			"translation": [-9, 8.25, 0],
			"scale": [0.45, 0.45, 0.45]
		},
		"firstperson_lefthand": {
			"rotation": [90, -90, 0],
			"translation": [-9, 4.25, 0],
			"scale": [0.29, 0.29, 0.29]
		},
		"ground": {
			"translation": [80, 21.5, 0],
			"scale": [4, 4, 4]
		},
		"gui": {
			"rotation": [-90, 90, 0],
			"scale": [0.97, 0.97, 0.97]
		},
		"head": {
			"rotation": [86, 0, 0],
			"translation": [0, 7.25, 7]
		}
	}
}