{
	"credit": "Made with Blockbench",
	"texture_size": [32, 32],
	"textures": {
		"0": "item/zombieglower",
		"particle": "item/zombieglower"
	},
	"elements": [
		{
			"from": [7, 0, 7],
			"to": [9, 3, 9],
			"faces": {
				"north": {"uv": [5, 8, 6, 9.5], "texture": "#0"},
				"east": {"uv": [6, 8, 7, 9.5], "texture": "#0"},
				"south": {"uv": [7, 8, 8, 9.5], "texture": "#0"},
				"west": {"uv": [8, 8, 9, 9.5], "texture": "#0"},
				"up": {"uv": [7, 6, 6, 5], "texture": "#0"},
				"down": {"uv": [1, 9, 0, 10], "texture": "#0"}
			}
		},
		{
			"from": [6, 3, 6],
			"to": [10, 5, 10],
			"faces": {
				"north": {"uv": [7, 7, 9, 8], "texture": "#0"},
				"east": {"uv": [3, 8, 5, 9], "texture": "#0"},
				"south": {"uv": [8, 3, 10, 4], "texture": "#0"},
				"west": {"uv": [8, 4, 10, 5], "texture": "#0"},
				"up": {"uv": [5, 8, 3, 6], "texture": "#0"},
				"down": {"uv": [8, 3, 6, 5], "texture": "#0"}
			}
		},
		{
			"from": [6, 11, 6],
			"to": [10, 12, 10],
			"faces": {
				"north": {"uv": [9, 0, 11, 0.5], "texture": "#0"},
				"east": {"uv": [9, 0.5, 11, 1], "texture": "#0"},
				"south": {"uv": [1, 9, 3, 9.5], "texture": "#0"},
				"west": {"uv": [9, 1, 11, 1.5], "texture": "#0"},
				"up": {"uv": [7, 8, 5, 6], "texture": "#0"},
				"down": {"uv": [9, 5, 7, 7], "texture": "#0"}
			}
		},
		{
			"from": [5, 5, 5],
			"to": [11, 11, 11],
			"faces": {
				"north": {"uv": [0, 0, 3, 3], "texture": "#0"},
				"east": {"uv": [0, 3, 3, 6], "texture": "#0"},
				"south": {"uv": [3, 0, 6, 3], "texture": "#0"},
				"west": {"uv": [3, 3, 6, 6], "texture": "#0"},
				"up": {"uv": [3, 9, 0, 6], "texture": "#0"},
				"down": {"uv": [9, 0, 6, 3], "texture": "#0"}
			}
		}
	],
	"display": {
		"thirdperson_righthand": {
			"scale": [0.39, 0.39, 0.39]
		},
		"thirdperson_lefthand": {
			"scale": [0.39, 0.39, 0.39]
		},
		"firstperson_righthand": {
			"rotation": [-13, 55, 14],
			"translation": [0.25, 5.25, 0],
			"scale": [0.68, 0.68, 0.68]
		},
		"firstperson_lefthand": {
			"rotation": [-13, 55, 14],
			"translation": [0.25, 5.25, 0],
			"scale": [0.68, 0.68, 0.68]
		},
		"ground": {
			"translation": [0, 0.75, 0],
			"scale": [0.53, 0.53, 0.53]
		},
		"gui": {
			"rotation": [25, 110, 0],
			"translation": [0, 1.75, 0]
		}
	}
}