{
	"credit": "Made with Blockbench",
	"texture_size": [64, 64],
	"textures": {
		"1": "item/medipack"
	},
	"elements": [
		{
			"from": [1, 0, 1],
			"to": [15, 7, 15],
			"faces": {
				"north": {"uv": [3.5, 0, 7, 1.75], "texture": "#1"},
				"east": {"uv": [3.5, 1.75, 7, 3.5], "texture": "#1"},
				"south": {"uv": [3.5, 3.5, 7, 5.25], "texture": "#1"},
				"west": {"uv": [3.5, 5.25, 7, 7], "texture": "#1"},
				"up": {"uv": [3.5, 3.5, 0, 0], "texture": "#1"},
				"down": {"uv": [3.5, 3.5, 0, 7], "texture": "#1"}
			}
		},
		{
			"from": [4, 3, -1],
			"to": [12, 5, 0],
			"rotation": {"angle": 0, "axis": "y", "origin": [8, 4, 9]},
			"faces": {
				"north": {"uv": [0, 7, 2, 7.5], "texture": "#1"},
				"east": {"uv": [7, 3.5, 7.25, 4], "texture": "#1"},
				"south": {"uv": [7, 0, 9, 0.5], "texture": "#1"},
				"west": {"uv": [3.75, 7, 4, 7.5], "texture": "#1"},
				"up": {"uv": [9, 0.75, 7, 0.5], "texture": "#1"},
				"down": {"uv": [9, 0.75, 7, 1], "texture": "#1"}
			}
		},
		{
			"from": [16.875, 3, 4.75],
			"to": [17.875, 5, 8],
			"rotation": {"angle": 45, "axis": "y", "origin": [8, 4, 9]},
			"faces": {
				"north": {"uv": [4.25, 7, 4.5, 7.5], "texture": "#1"},
				"east": {"uv": [2, 7, 2.75, 7.5], "texture": "#1"},
				"south": {"uv": [4.5, 7, 4.75, 7.5], "texture": "#1"},
				"west": {"uv": [7, 2, 7.75, 2.5], "texture": "#1"},
				"up": {"uv": [7.25, 3.5, 7, 2.75], "texture": "#1"},
				"down": {"uv": [3.75, 7, 3.5, 7.75], "texture": "#1"}
			}
		},
		{
			"from": [9, 3, -0.925],
			"to": [12.25, 5, 0.075],
			"rotation": {"angle": 45, "axis": "y", "origin": [8, 4, 9]},
			"faces": {
				"north": {"uv": [7, 1, 7.75, 1.5], "texture": "#1"},
				"east": {"uv": [4, 7, 4.25, 7.5], "texture": "#1"},
				"south": {"uv": [7, 1.5, 7.75, 2], "texture": "#1"},
				"west": {"uv": [7, 4, 7.25, 4.5], "texture": "#1"},
				"up": {"uv": [7.75, 2.75, 7, 2.5], "texture": "#1"},
				"down": {"uv": [3.5, 7, 2.75, 7.25], "texture": "#1"}
			}
		}
	],
	"display": {
		"thirdperson_righthand": {
			"rotation": [-20, 180, 90],
			"translation": [2.75, -3.75, -4.25],
			"scale": [0.53, 0.53, 0.53]
		},
		"thirdperson_lefthand": {
			"rotation": [-20, 180, 90],
			"translation": [2.75, -3.75, -4.25],
			"scale": [0.53, 0.53, 0.53]
		},
		"firstperson_righthand": {
			"rotation": [14, 156, 0],
			"translation": [3, 4.25, -5.5],
			"scale": [0.77, 0.77, 0.77]
		},
		"firstperson_lefthand": {
			"rotation": [14, 156, 0],
			"translation": [3, 4.25, -5.5],
			"scale": [0.77, 0.77, 0.77]
		},
		"ground": {
			"translation": [0, 2, 0],
			"scale": [0.67, 0.67, 0.67]
		},
		"gui": {
			"rotation": [112, 0, 18],
			"translation": [-1.25, -1.5, 0],
			"scale": [0.83, 0.83, 0.83]
		},
		"fixed": {
			"rotation": [90, 0, 180],
			"translation": [0, 0, -3.25]
		}
	}
}