{
	"credit": "Made with Blockbench",
	"textures": {
		"0": "item/barrier",
		"particle": "item/barrier"
	},
	"elements": [
		{
			"from": [3, 1, 7],
			"to": [15, 13, 8],
			"faces": {
				"north": {"uv": [2, 2, 14, 14], "texture": "#0"},
				"east": {"uv": [13, 2, 14, 14], "texture": "#0"},
				"south": {"uv": [2, 2, 14, 14], "texture": "#0"},
				"west": {"uv": [1, 3, 2, 13], "texture": "#0"},
				"up": {"uv": [2, 2, 14, 3], "texture": "#0"},
				"down": {"uv": [2, 13, 14, 14], "texture": "#0"}
			}
		},
		{
			"from": [4, 13, 7],
			"to": [14, 14, 8],
			"faces": {
				"north": {"uv": [3, 1, 13, 2], "texture": "#0"},
				"east": {"uv": [13, 2, 14, 3], "texture": "#0"},
				"south": {"uv": [3, 1, 13, 2], "texture": "#0"},
				"west": {"uv": [2, 2, 3, 3], "texture": "#0"},
				"up": {"uv": [3, 1, 13, 2], "texture": "#0"},
				"down": {"uv": [0, 0, 10, 1], "texture": "#0"}
			}
		},
		{
			"from": [4, 0, 7],
			"to": [14, 1, 8],
			"faces": {
				"north": {"uv": [3, 14, 13, 15], "texture": "#0"},
				"east": {"uv": [13, 13, 14, 14], "texture": "#0"},
				"south": {"uv": [3, 14, 13, 15], "texture": "#0"},
				"west": {"uv": [2, 13, 3, 14], "texture": "#0"},
				"up": {"uv": [3, 15, 13, 16], "texture": "#0"},
				"down": {"uv": [3, 1, 13, 2], "texture": "#0"}
			}
		},
		{
			"from": [15, 2, 7],
			"to": [16, 12, 8],
			"rotation": {"angle": 0, "axis": "z", "origin": [9, 7, 0]},
			"faces": {
				"north": {"uv": [1, 3, 2, 13], "rotation": 180, "texture": "#0"},
				"east": {"uv": [1, 3, 2, 13], "rotation": 180, "texture": "#0"},
				"south": {"uv": [14, 3, 15, 13], "rotation": 180, "texture": "#0"},
				"west": {"uv": [0, 0, 10, 1], "rotation": 270, "texture": "#0"},
				"up": {"uv": [13, 2, 14, 3], "rotation": 270, "texture": "#0"},
				"down": {"uv": [13, 13, 14, 14], "rotation": 270, "texture": "#0"}
			}
		},
		{
			"from": [2, 2, 7],
			"to": [3, 12, 8],
			"rotation": {"angle": 0, "axis": "z", "origin": [9, 7, 0]},
			"faces": {
				"north": {"uv": [14, 3, 15, 13], "rotation": 180, "texture": "#0"},
				"east": {"uv": [0, 0, 10, 1], "rotation": 270, "texture": "#0"},
				"south": {"uv": [1, 3, 2, 13], "rotation": 180, "texture": "#0"},
				"west": {"uv": [14, 3, 15, 13], "rotation": 180, "texture": "#0"},
				"up": {"uv": [2, 2, 3, 3], "rotation": 270, "texture": "#0"},
				"down": {"uv": [2, 13, 3, 14], "rotation": 270, "texture": "#0"}
			}
		}
	],
	"display": {
		"thirdperson_righthand": {
			"translation": [0, -2.25, 0],
			"scale": [0, 0, 0]
		},
		"thirdperson_lefthand": {
			"translation": [0, -2.25, 0],
			"scale": [0, 0, 0]
		},
		"firstperson_righthand": {
			"translation": [0, 0, 1.25],
			"scale": [0, 0, 0]
		},
		"firstperson_lefthand": {
			"translation": [0, 0, 1.25],
			"scale": [0, 0, 0]
		},
		"ground": {
			"translation": [0, 3.5, 0],
			"scale": [0.53, 0.53, 0.53]
		},
		"gui": {
			"translation": [-1, 1, 0]
		},
		"fixed": {
			"translation": [-1, 1.25, 0]
		}
	}
}