{
	"credit": "Made with Blockbench",
	"textures": {
		"0": "item/ammo1",
		"particle": "item/ammo1"
	},
	"elements": [
		{
			"from": [0, -1, 0],
			"to": [3, 2, 3],
			"faces": {
				"north": {"uv": [0, 0, 3, 3], "texture": "#0"},
				"east": {"uv": [0, 3, 3, 6], "texture": "#0"},
				"south": {"uv": [3, 0, 6, 3], "texture": "#0"},
				"west": {"uv": [3, 3, 6, 6], "texture": "#0"},
				"up": {"uv": [3, 9, 0, 6], "texture": "#0"},
				"down": {"uv": [9, 0, 6, 3], "texture": "#0"}
			}
		},
		{
			"from": [1, 2, 0],
			"to": [2, 4, 1],
			"faces": {
				"north": {"uv": [6, 7, 7, 9], "texture": "#0"},
				"east": {"uv": [7, 7, 8, 9], "texture": "#0"},
				"south": {"uv": [3, 8, 4, 10], "texture": "#0"},
				"west": {"uv": [4, 8, 5, 10], "texture": "#0"},
				"up": {"uv": [10, 3, 9, 2], "texture": "#0"},
				"down": {"uv": [10, 3, 9, 4], "texture": "#0"}
			}
		},
		{
			"from": [1, 4, 1],
			"to": [2, 5, 2],
			"faces": {
				"north": {"uv": [6, 9, 7, 10], "texture": "#0"},
				"east": {"uv": [9, 6, 10, 7], "texture": "#0"},
				"south": {"uv": [7, 9, 8, 10], "texture": "#0"},
				"west": {"uv": [9, 7, 10, 8], "texture": "#0"},
				"up": {"uv": [9, 10, 8, 9], "texture": "#0"},
				"down": {"uv": [10, 8, 9, 9], "texture": "#0"}
			}
		},
		{
			"from": [1, 2, 2],
			"to": [2, 4, 3],
			"faces": {
				"north": {"uv": [5, 8, 6, 10], "texture": "#0"},
				"east": {"uv": [8, 7, 9, 9], "texture": "#0"},
				"south": {"uv": [0, 9, 1, 11], "texture": "#0"},
				"west": {"uv": [9, 0, 10, 2], "texture": "#0"},
				"up": {"uv": [10, 5, 9, 4], "texture": "#0"},
				"down": {"uv": [10, 5, 9, 6], "texture": "#0"}
			}
		},
		{
			"from": [0, 2, 1],
			"to": [3, 4, 2],
			"faces": {
				"north": {"uv": [3, 6, 6, 8], "texture": "#0"},
				"east": {"uv": [1, 9, 2, 11], "texture": "#0"},
				"south": {"uv": [6, 3, 9, 5], "texture": "#0"},
				"west": {"uv": [2, 9, 3, 11], "texture": "#0"},
				"up": {"uv": [9, 6, 6, 5], "texture": "#0"},
				"down": {"uv": [9, 6, 6, 7], "texture": "#0"}
			}
		},
		{
			"from": [1.5, -2.5, -4.75],
			"to": [4.5, 0.5, -1.75],
			"faces": {
				"north": {"uv": [0, 0, 3, 3], "texture": "#0"},
				"east": {"uv": [0, 3, 3, 6], "texture": "#0"},
				"south": {"uv": [3, 0, 6, 3], "texture": "#0"},
				"west": {"uv": [3, 3, 6, 6], "texture": "#0"},
				"up": {"uv": [3, 9, 0, 6], "texture": "#0"},
				"down": {"uv": [9, 0, 6, 3], "texture": "#0"}
			}
		},
		{
			"from": [2.5, 0.5, -4.75],
			"to": [3.5, 2.5, -3.75],
			"faces": {
				"north": {"uv": [6, 7, 7, 9], "texture": "#0"},
				"east": {"uv": [7, 7, 8, 9], "texture": "#0"},
				"south": {"uv": [3, 8, 4, 10], "texture": "#0"},
				"west": {"uv": [4, 8, 5, 10], "texture": "#0"},
				"up": {"uv": [10, 3, 9, 2], "texture": "#0"},
				"down": {"uv": [10, 3, 9, 4], "texture": "#0"}
			}
		},
		{
			"from": [2.5, 0.5, -2.75],
			"to": [3.5, 2.5, -1.75],
			"faces": {
				"north": {"uv": [5, 8, 6, 10], "texture": "#0"},
				"east": {"uv": [8, 7, 9, 9], "texture": "#0"},
				"south": {"uv": [0, 9, 1, 11], "texture": "#0"},
				"west": {"uv": [9, 0, 10, 2], "texture": "#0"},
				"up": {"uv": [10, 5, 9, 4], "texture": "#0"},
				"down": {"uv": [10, 5, 9, 6], "texture": "#0"}
			}
		},
		{
			"from": [1.5, 0.5, -3.75],
			"to": [4.5, 2.5, -2.75],
			"faces": {
				"north": {"uv": [3, 6, 6, 8], "texture": "#0"},
				"east": {"uv": [1, 9, 2, 11], "texture": "#0"},
				"south": {"uv": [6, 3, 9, 5], "texture": "#0"},
				"west": {"uv": [2, 9, 3, 11], "texture": "#0"},
				"up": {"uv": [9, 6, 6, 5], "texture": "#0"},
				"down": {"uv": [9, 6, 6, 7], "texture": "#0"}
			}
		},
		{
			"from": [2.5, 2.5, -3.75],
			"to": [3.5, 3.5, -2.75],
			"faces": {
				"north": {"uv": [6, 9, 7, 10], "texture": "#0"},
				"east": {"uv": [9, 6, 10, 7], "texture": "#0"},
				"south": {"uv": [7, 9, 8, 10], "texture": "#0"},
				"west": {"uv": [9, 7, 10, 8], "texture": "#0"},
				"up": {"uv": [9, 10, 8, 9], "texture": "#0"},
				"down": {"uv": [10, 8, 9, 9], "texture": "#0"}
			}
		}
	],
	"display": {
		"ground": {
			"translation": [5.5, 9.5, 9.5]
		}
	}
}