{
	"credit": "Made with Blockbench",
	"texture_size": [64, 64],
	"textures": {
		"0": "item/frost_thrower",
		"particle": "item/frost_thrower"
	},
	"elements": [
		{
			"from": [0.125, 4.875, -16],
			"to": [2.625, 8.1875, -10],
			"faces": {
				"north": {"uv": [1, 10, 1.625, 10.8125], "texture": "#0"},
				"east": {"uv": [5.5, 7.5, 7, 8.3125], "texture": "#0"},
				"south": {"uv": [10, 3, 10.625, 3.8125], "texture": "#0"},
				"west": {"uv": [7, 7.5, 8.5, 8.3125], "texture": "#0"},
				"up": {"uv": [3.875, 9.5, 3.25, 8], "texture": "#0"},
				"down": {"uv": [9.125, 0, 8.5, 1.5], "texture": "#0"}
			}
		},
		{
			"from": [0.625, 8.375, 8],
			"to": [2.125, 8.9375, 14],
			"faces": {
				"north": {"uv": [12, 1, 12.375, 1.125], "texture": "#0"},
				"east": {"uv": [11.25, 0, 12.75, 0.125], "texture": "#0"},
				"south": {"uv": [3.25, 12, 3.625, 12.125], "texture": "#0"},
				"west": {"uv": [11.25, 0.25, 12.75, 0.375], "texture": "#0"},
				"up": {"uv": [3.625, 11, 3.25, 9.5], "texture": "#0"},
				"down": {"uv": [5.875, 9.5, 5.5, 11], "texture": "#0"}
			}
		},
		{
			"from": [0.75, 9.625, 18.625],
			"to": [2, 11.3125, 19.75],
			"faces": {
				"north": {"uv": [11.5, 4, 11.8125, 4.4375], "texture": "#0"},
				"east": {"uv": [11.5, 5, 11.8125, 5.4375], "texture": "#0"},
				"south": {"uv": [11.5, 6.25, 11.8125, 6.6875], "texture": "#0"},
				"west": {"uv": [7, 11.5, 7.3125, 11.9375], "texture": "#0"},
				"up": {"uv": [12.0625, 1.5625, 11.75, 1.25], "texture": "#0"},
				"down": {"uv": [2.3125, 11.75, 2, 12.0625], "texture": "#0"}
			}
		},
		{
			"from": [0.75, 9.625, 19.9375],
			"to": [2, 11.3125, 21.0625],
			"faces": {
				"north": {"uv": [7.5, 11.5, 7.8125, 11.9375], "texture": "#0"},
				"east": {"uv": [8, 11.5, 8.3125, 11.9375], "texture": "#0"},
				"south": {"uv": [8.75, 11.5, 9.0625, 11.9375], "texture": "#0"},
				"west": {"uv": [11.5, 9, 11.8125, 9.4375], "texture": "#0"},
				"up": {"uv": [12.0625, 2.5625, 11.75, 2.25], "texture": "#0"},
				"down": {"uv": [2.8125, 11.75, 2.5, 12.0625], "texture": "#0"}
			}
		},
		{
			"from": [0.5, 4, 22.5625],
			"to": [2.25, 4.6875, 25.3125],
			"faces": {
				"north": {"uv": [3.5, 11.75, 3.9375, 11.9375], "texture": "#0"},
				"east": {"uv": [11.5, 4.5, 12.1875, 4.6875], "texture": "#0"},
				"south": {"uv": [4.5, 11.75, 4.9375, 11.9375], "texture": "#0"},
				"west": {"uv": [11.5, 5.5, 12.1875, 5.6875], "texture": "#0"},
				"up": {"uv": [8.4375, 11.4375, 8, 10.75], "texture": "#0"},
				"down": {"uv": [11.1875, 8.25, 10.75, 8.9375], "texture": "#0"}
			}
		},
		{
			"from": [1, 4, 19.8125],
			"to": [1.75, 4.6875, 20.8125],
			"faces": {
				"north": {"uv": [4.75, 12, 4.9375, 12.1875], "texture": "#0"},
				"east": {"uv": [10, 4, 10.25, 4.1875], "texture": "#0"},
				"south": {"uv": [6, 12, 6.1875, 12.1875], "texture": "#0"},
				"west": {"uv": [3, 10.75, 3.25, 10.9375], "texture": "#0"},
				"up": {"uv": [3.9375, 12.25, 3.75, 12], "texture": "#0"},
				"down": {"uv": [12.1875, 4, 12, 4.25], "texture": "#0"}
			}
		},
		{
			"from": [1, 1.875, 14.25],
			"to": [1.75, 3.3125, 14.75],
			"faces": {
				"north": {"uv": [11.75, 10.25, 11.9375, 10.625], "texture": "#0"},
				"east": {"uv": [4.25, 12, 4.375, 12.375], "texture": "#0"},
				"south": {"uv": [11.75, 10.75, 11.9375, 11.125], "texture": "#0"},
				"west": {"uv": [4.5, 12, 4.625, 12.375], "texture": "#0"},
				"up": {"uv": [8.6875, 12.125, 8.5, 12], "texture": "#0"},
				"down": {"uv": [8.9375, 12, 8.75, 12.125], "texture": "#0"}
			}
		},
		{
			"from": [0, 6, -8],
			"to": [2.75, 8.5, 19.1875],
			"faces": {
				"north": {"uv": [10, 8.25, 10.6875, 8.875], "texture": "#0"},
				"east": {"uv": [1.5, 0, 8.3125, 0.625], "texture": "#0"},
				"south": {"uv": [10, 9.75, 10.6875, 10.375], "texture": "#0"},
				"west": {"uv": [1.5, 0.75, 8.3125, 1.375], "texture": "#0"},
				"up": {"uv": [0.6875, 6.8125, 0, 0], "texture": "#0"},
				"down": {"uv": [1.4375, 0, 0.75, 6.8125], "texture": "#0"}
			}
		},
		{
			"from": [0, 2.75, -7.25],
			"to": [2.75, 6, -3],
			"faces": {
				"north": {"uv": [6, 9.5, 6.6875, 10.3125], "texture": "#0"},
				"east": {"uv": [5.5, 8.5, 6.5625, 9.3125], "texture": "#0"},
				"south": {"uv": [6.75, 9.5, 7.4375, 10.3125], "texture": "#0"},
				"west": {"uv": [6.75, 8.5, 7.8125, 9.3125], "texture": "#0"},
				"up": {"uv": [9.9375, 1.0625, 9.25, 0], "texture": "#0"},
				"down": {"uv": [9.9375, 3, 9.25, 4.0625], "texture": "#0"}
			}
		},
		{
			"from": [0.5, 3.3125, 13.5],
			"to": [2.25, 6, 16.25],
			"faces": {
				"north": {"uv": [9.25, 10.75, 9.6875, 11.4375], "texture": "#0"},
				"east": {"uv": [10, 7.5, 10.6875, 8.1875], "texture": "#0"},
				"south": {"uv": [10.75, 9.75, 11.1875, 10.4375], "texture": "#0"},
				"west": {"uv": [8, 10, 8.6875, 10.6875], "texture": "#0"},
				"up": {"uv": [1.4375, 11.6875, 1, 11], "texture": "#0"},
				"down": {"uv": [11.4375, 1, 11, 1.6875], "texture": "#0"}
			}
		},
		{
			"from": [1, 9.9375, 19.5],
			"to": [1.75, 10.75, 27.25],
			"faces": {
				"north": {"uv": [12, 6, 12.1875, 6.1875], "texture": "#0"},
				"east": {"uv": [10.25, 4.75, 12.1875, 4.9375], "texture": "#0"},
				"south": {"uv": [6.25, 12, 6.4375, 12.1875], "texture": "#0"},
				"west": {"uv": [10.75, 3, 12.6875, 3.1875], "texture": "#0"},
				"up": {"uv": [4.4375, 11.9375, 4.25, 10], "texture": "#0"},
				"down": {"uv": [1.9375, 10.75, 1.75, 12.6875], "texture": "#0"}
			}
		},
		{
			"from": [0.5, 6, -10],
			"to": [2.25, 7.375, -7.9375],
			"faces": {
				"north": {"uv": [11.25, 7, 11.6875, 7.375], "texture": "#0"},
				"east": {"uv": [0.5, 11.25, 1, 11.625], "texture": "#0"},
				"south": {"uv": [11.25, 7.5, 11.6875, 7.875], "texture": "#0"},
				"west": {"uv": [11.25, 0.5, 11.75, 0.875], "texture": "#0"},
				"up": {"uv": [8.4375, 7.5, 8, 7], "texture": "#0"},
				"down": {"uv": [11.4375, 2.5, 11, 3], "texture": "#0"}
			}
		},
		{
			"from": [0.5, 1.3125, 16.25],
			"to": [2.25, 2.25, 19.5],
			"faces": {
				"north": {"uv": [11.5, 11.5, 11.9375, 11.75], "texture": "#0"},
				"east": {"uv": [11, 5.75, 11.8125, 6], "texture": "#0"},
				"south": {"uv": [0.5, 11.75, 0.9375, 12], "texture": "#0"},
				"west": {"uv": [11, 6, 11.8125, 6.25], "texture": "#0"},
				"up": {"uv": [2.4375, 11.5625, 2, 10.75], "texture": "#0"},
				"down": {"uv": [2.9375, 10.75, 2.5, 11.5625], "texture": "#0"}
			}
		},
		{
			"from": [0.5, 2.1875, -3],
			"to": [2.25, 6, 13.5],
			"faces": {
				"north": {"uv": [7, 10.5, 7.4375, 11.4375], "texture": "#0"},
				"east": {"uv": [1.5, 1.5, 5.625, 2.4375], "texture": "#0"},
				"south": {"uv": [7.5, 10.5, 7.9375, 11.4375], "texture": "#0"},
				"west": {"uv": [1.5, 2.5, 5.625, 3.4375], "texture": "#0"},
				"up": {"uv": [0.4375, 11.125, 0, 7], "texture": "#0"},
				"down": {"uv": [0.9375, 7, 0.5, 11.125], "texture": "#0"}
			}
		},
		{
			"from": [0.5, 2.1875, 16.25],
			"to": [2.25, 6, 19.25],
			"faces": {
				"north": {"uv": [8.75, 10.5, 9.1875, 11.4375], "texture": "#0"},
				"east": {"uv": [9.25, 7, 10, 7.9375], "texture": "#0"},
				"south": {"uv": [10, 10.5, 10.4375, 11.4375], "texture": "#0"},
				"west": {"uv": [9.25, 8, 10, 8.9375], "texture": "#0"},
				"up": {"uv": [11.1875, 4, 10.75, 3.25], "texture": "#0"},
				"down": {"uv": [11.1875, 7.5, 10.75, 8.25], "texture": "#0"}
			}
		},
		{
			"from": [0.25, 4.5, 19.1875],
			"to": [2.5, 8.125, 25.9375],
			"faces": {
				"north": {"uv": [9.25, 9.75, 9.8125, 10.6875], "texture": "#0"},
				"east": {"uv": [7.5, 3, 9.1875, 3.9375], "texture": "#0"},
				"south": {"uv": [10, 0, 10.5625, 0.9375], "texture": "#0"},
				"west": {"uv": [7.5, 4, 9.1875, 4.9375], "texture": "#0"},
				"up": {"uv": [2.3125, 9.6875, 1.75, 8], "texture": "#0"},
				"down": {"uv": [3.0625, 8, 2.5, 9.6875], "texture": "#0"}
			}
		},
		{
			"from": [0.5, 4.5, 25.9375],
			"to": [2.25, 7.3125, 29.6875],
			"faces": {
				"north": {"uv": [11, 1.75, 11.4375, 2.4375], "texture": "#0"},
				"east": {"uv": [9.25, 4.25, 10.1875, 4.9375], "texture": "#0"},
				"south": {"uv": [3, 11, 3.4375, 11.6875], "texture": "#0"},
				"west": {"uv": [9.25, 9, 10.1875, 9.6875], "texture": "#0"},
				"up": {"uv": [10.9375, 11.4375, 10.5, 10.5], "texture": "#0"},
				"down": {"uv": [11.1875, 0, 10.75, 0.9375], "texture": "#0"}
			}
		},
		{
			"from": [0, 9, 17.9375],
			"to": [2.75, 12.3125, 18.6875],
			"faces": {
				"north": {"uv": [1.75, 9.75, 2.4375, 10.5625], "texture": "#0"},
				"east": {"uv": [11.25, 10.75, 11.4375, 11.5625], "texture": "#0"},
				"south": {"uv": [2.5, 9.75, 3.1875, 10.5625], "texture": "#0"},
				"west": {"uv": [11.5, 1, 11.6875, 1.8125], "texture": "#0"},
				"up": {"uv": [12.1875, 6.9375, 11.5, 6.75], "texture": "#0"},
				"down": {"uv": [12.1875, 9.5, 11.5, 9.6875], "texture": "#0"}
			}
		},
		{
			"from": [0.75, -0.75, 28.9375],
			"to": [2.25, 0.3125, 31.1875],
			"faces": {
				"north": {"uv": [11.75, 1.75, 12.125, 2], "texture": "#0"},
				"east": {"uv": [9.25, 1.25, 9.8125, 1.5], "texture": "#0"},
				"south": {"uv": [11.75, 2.75, 12.125, 3], "texture": "#0"},
				"west": {"uv": [11.5, 2, 12.0625, 2.25], "texture": "#0"},
				"up": {"uv": [11.375, 5.5625, 11, 5], "texture": "#0"},
				"down": {"uv": [5.875, 11, 5.5, 11.5625], "texture": "#0"}
			}
		},
		{
			"from": [1, 5.25, -10.0625],
			"to": [1.75, 5.8125, -7.25],
			"faces": {
				"north": {"uv": [9, 12, 9.1875, 12.125], "texture": "#0"},
				"east": {"uv": [11.75, 3.5, 12.4375, 3.625], "texture": "#0"},
				"south": {"uv": [12, 9, 12.1875, 9.125], "texture": "#0"},
				"west": {"uv": [11.75, 3.75, 12.4375, 3.875], "texture": "#0"},
				"up": {"uv": [10.1875, 12.1875, 10, 11.5], "texture": "#0"},
				"down": {"uv": [10.4375, 11.5, 10.25, 12.1875], "texture": "#0"}
			}
		},
		{
			"from": [0.75, -0.25, 27.9375],
			"to": [2.25, 0.3125, 28.9375],
			"faces": {
				"north": {"uv": [12, 4.25, 12.375, 4.375], "texture": "#0"},
				"east": {"uv": [7.25, 12, 7.5, 12.125], "texture": "#0"},
				"south": {"uv": [12, 5, 12.375, 5.125], "texture": "#0"},
				"west": {"uv": [12, 7.25, 12.25, 7.375], "texture": "#0"},
				"up": {"uv": [3.375, 12, 3, 11.75], "texture": "#0"},
				"down": {"uv": [12.125, 3.25, 11.75, 3.5], "texture": "#0"}
			}
		},
		{
			"from": [0.5, 0.3125, 29.6875],
			"to": [2.25, 7.8125, 32],
			"faces": {
				"north": {"uv": [4, 8, 4.4375, 9.875], "texture": "#0"},
				"east": {"uv": [5.75, 1.5, 6.3125, 3.375], "texture": "#0"},
				"south": {"uv": [8.75, 8.5, 9.1875, 10.375], "texture": "#0"},
				"west": {"uv": [1, 8, 1.5625, 9.875], "texture": "#0"},
				"up": {"uv": [3.9375, 11.5625, 3.5, 11], "texture": "#0"},
				"down": {"uv": [11.4375, 4, 11, 4.5625], "texture": "#0"}
			}
		},
		{
			"from": [1, -0.1875, 27.9375],
			"to": [1.75, 4.0625, 28.5],
			"rotation": {"angle": -45, "axis": "x", "origin": [0, 0, 28]},
			"faces": {
				"north": {"uv": [11, 6.25, 11.1875, 7.3125], "texture": "#0"},
				"east": {"uv": [9.25, 11.5, 9.375, 12.5625], "texture": "#0"},
				"south": {"uv": [11, 10.5, 11.1875, 11.5625], "texture": "#0"},
				"west": {"uv": [9.5, 11.5, 9.625, 12.5625], "texture": "#0"},
				"up": {"uv": [12.1875, 9.375, 12, 9.25], "texture": "#0"},
				"down": {"uv": [9.9375, 12, 9.75, 12.125], "texture": "#0"}
			}
		},
		{
			"from": [1, 2.56564, 20.42884],
			"to": [1.75, 3.12814, 25.42884],
			"rotation": {"angle": 22.5, "axis": "x", "origin": [0, 2.6875, 25.75]},
			"faces": {
				"north": {"uv": [12, 10.25, 12.1875, 10.375], "texture": "#0"},
				"east": {"uv": [11.25, 8, 12.5, 8.125], "texture": "#0"},
				"south": {"uv": [10.5, 12, 10.6875, 12.125], "texture": "#0"},
				"west": {"uv": [11.25, 8.25, 12.5, 8.375], "texture": "#0"},
				"up": {"uv": [8.6875, 12, 8.5, 10.75], "texture": "#0"},
				"down": {"uv": [9.9375, 10.75, 9.75, 12], "texture": "#0"}
			}
		},
		{
			"from": [1, -2.93436, 13.67884],
			"to": [1.75, -2.62186, 16.17884],
			"rotation": {"angle": 22.5, "axis": "x", "origin": [0, 2.6875, 25.75]},
			"faces": {
				"north": {"uv": [11, 12, 11.1875, 12.0625], "texture": "#0"},
				"east": {"uv": [12, 5.25, 12.625, 5.3125], "texture": "#0"},
				"south": {"uv": [12, 11, 12.1875, 11.0625], "texture": "#0"},
				"west": {"uv": [12, 5.75, 12.625, 5.8125], "texture": "#0"},
				"up": {"uv": [10.9375, 12.125, 10.75, 11.5], "texture": "#0"},
				"down": {"uv": [11.6875, 10.75, 11.5, 11.375], "texture": "#0"}
			}
		},
		{
			"from": [1, 2.81564, 25.61634],
			"to": [1.75, 3.37814, 30.67884],
			"rotation": {"angle": -22.5, "axis": "x", "origin": [0, 2.6875, 25.75]},
			"faces": {
				"north": {"uv": [12, 10.5, 12.1875, 10.625], "texture": "#0"},
				"east": {"uv": [11.25, 8.5, 12.5, 8.625], "texture": "#0"},
				"south": {"uv": [12, 10.75, 12.1875, 10.875], "texture": "#0"},
				"west": {"uv": [11.25, 8.75, 12.5, 8.875], "texture": "#0"},
				"up": {"uv": [1.6875, 12.25, 1.5, 11], "texture": "#0"},
				"down": {"uv": [4.1875, 11, 4, 12.25], "texture": "#0"}
			}
		},
		{
			"from": [1, 5.37814, 15.05384],
			"to": [1.75, 5.69064, 16.86634],
			"rotation": {"angle": -22.5, "axis": "x", "origin": [0, 2.6875, 25.75]},
			"faces": {
				"north": {"uv": [11.25, 12, 11.4375, 12.0625], "texture": "#0"},
				"east": {"uv": [7.5, 12, 7.9375, 12.0625], "texture": "#0"},
				"south": {"uv": [12, 11.5, 12.1875, 11.5625], "texture": "#0"},
				"west": {"uv": [8, 12, 8.4375, 12.0625], "texture": "#0"},
				"up": {"uv": [1.4375, 12.1875, 1.25, 11.75], "texture": "#0"},
				"down": {"uv": [5.1875, 11.75, 5, 12.1875], "texture": "#0"}
			}
		},
		{
			"from": [1, 1.875, 17.75],
			"to": [1.75, 4.8125, 20],
			"rotation": {"angle": 22.5, "axis": "x", "origin": [0, 3.25, 20]},
			"faces": {
				"north": {"uv": [11.5, 2.25, 11.6875, 3], "texture": "#0"},
				"east": {"uv": [10.25, 4, 10.8125, 4.75], "texture": "#0"},
				"south": {"uv": [11.5, 3.25, 11.6875, 4], "texture": "#0"},
				"west": {"uv": [10.25, 9, 10.8125, 9.75], "texture": "#0"},
				"up": {"uv": [11.9375, 1.0625, 11.75, 0.5], "texture": "#0"},
				"down": {"uv": [1.1875, 11.75, 1, 12.3125], "texture": "#0"}
			}
		},
		{
			"from": [0.75, -3.3125, 17.25],
			"to": [2, 2.25, 19.75],
			"rotation": {"angle": -22.5, "axis": "x", "origin": [0, 1, 19]},
			"faces": {
				"north": {"uv": [6, 10.5, 6.3125, 11.875], "texture": "#0"},
				"east": {"uv": [8.5, 7, 9.125, 8.375], "texture": "#0"},
				"south": {"uv": [6.5, 10.5, 6.8125, 11.875], "texture": "#0"},
				"west": {"uv": [8, 8.5, 8.625, 9.875], "texture": "#0"},
				"up": {"uv": [11.3125, 9.625, 11, 9], "texture": "#0"},
				"down": {"uv": [0.3125, 11.25, 0, 11.875], "texture": "#0"}
			}
		},
		{
			"from": [0.75, -3.3125, 19.75],
			"to": [2, -1.25, 20.75],
			"rotation": {"angle": -22.5, "axis": "x", "origin": [0, 1, 19]},
			"faces": {
				"north": {"uv": [11.25, 9.75, 11.5625, 10.25], "texture": "#0"},
				"east": {"uv": [3.75, 9.5, 4, 10], "texture": "#0"},
				"south": {"uv": [11.25, 10.25, 11.5625, 10.75], "texture": "#0"},
				"west": {"uv": [10.5, 11.5, 10.75, 12], "texture": "#0"},
				"up": {"uv": [12.0625, 7.75, 11.75, 7.5], "texture": "#0"},
				"down": {"uv": [12.0625, 7.75, 11.75, 8], "texture": "#0"}
			}
		},
		{
			"from": [0.8125, -0.56564, 20.4953],
			"to": [1.9375, 2.49686, 21.4953],
			"rotation": {"angle": -45, "axis": "x", "origin": [0, -0.5, 21.25]},
			"faces": {
				"north": {"uv": [4.5, 11, 4.8125, 11.75], "texture": "#0"},
				"east": {"uv": [11.25, 3.25, 11.5, 4], "texture": "#0"},
				"south": {"uv": [5, 11, 5.3125, 11.75], "texture": "#0"},
				"west": {"uv": [11.25, 6.25, 11.5, 7], "texture": "#0"},
				"up": {"uv": [12.0625, 10, 11.75, 9.75], "texture": "#0"},
				"down": {"uv": [12.0625, 10, 11.75, 10.25], "texture": "#0"}
			}
		},
		{
			"from": [1, 9.875, 27],
			"to": [1.75, 10.6875, 28.5],
			"rotation": {"angle": 22.5, "axis": "x", "origin": [0, 10.25, 27.25]},
			"faces": {
				"north": {"uv": [12, 6.25, 12.1875, 6.4375], "texture": "#0"},
				"east": {"uv": [11, 11.75, 11.375, 11.9375], "texture": "#0"},
				"south": {"uv": [6.5, 12, 6.6875, 12.1875], "texture": "#0"},
				"west": {"uv": [11.75, 11.25, 12.125, 11.4375], "texture": "#0"},
				"up": {"uv": [11.6875, 12.125, 11.5, 11.75], "texture": "#0"},
				"down": {"uv": [11.9375, 11.75, 11.75, 12.125], "texture": "#0"}
			}
		},
		{
			"from": [1, 9.31512, 28.43698],
			"to": [1.75, 10.12762, 29.93698],
			"rotation": {"angle": 45, "axis": "x", "origin": [0, 10, 28.5]},
			"faces": {
				"north": {"uv": [12, 6.5, 12.1875, 6.6875], "texture": "#0"},
				"east": {"uv": [0, 12, 0.375, 12.1875], "texture": "#0"},
				"south": {"uv": [6.75, 12, 6.9375, 12.1875], "texture": "#0"},
				"west": {"uv": [0.5, 12, 0.875, 12.1875], "texture": "#0"},
				"up": {"uv": [12.1875, 0.875, 12, 0.5], "texture": "#0"},
				"down": {"uv": [3.1875, 12, 3, 12.375], "texture": "#0"}
			}
		},
		{
			"from": [1, 7.16473, 28.91867],
			"to": [1.75, 8.91473, 29.73117],
			"rotation": {"angle": -22.5, "axis": "x", "origin": [0, 8.75, 29.25]},
			"faces": {
				"north": {"uv": [5.25, 11.75, 5.4375, 12.1875], "texture": "#0"},
				"east": {"uv": [5.5, 11.75, 5.6875, 12.1875], "texture": "#0"},
				"south": {"uv": [5.75, 11.75, 5.9375, 12.1875], "texture": "#0"},
				"west": {"uv": [11.75, 7, 11.9375, 7.4375], "texture": "#0"},
				"up": {"uv": [7.1875, 12.1875, 7, 12], "texture": "#0"},
				"down": {"uv": [12.1875, 7, 12, 7.1875], "texture": "#0"}
			}
		},
		{
			"from": [-0.625, 10, 4],
			"to": [3.375, 12, 18],
			"rotation": {"angle": 0, "axis": "z", "origin": [1.375, 11, 5]},
			"faces": {
				"north": {"uv": [10, 1, 11, 1.5], "texture": "#0"},
				"east": {"uv": [1, 7, 4.5, 7.5], "texture": "#0"},
				"south": {"uv": [10, 5, 11, 5.5], "texture": "#0"},
				"west": {"uv": [4.5, 7, 8, 7.5], "texture": "#0"},
				"up": {"uv": [2.5, 7, 1.5, 3.5], "texture": "#0"},
				"down": {"uv": [3.5, 3.5, 2.5, 7], "texture": "#0"}
			}
		},
		{
			"from": [-0.625, 10, 4],
			"to": [3.375, 12, 18],
			"rotation": {"angle": 45, "axis": "z", "origin": [1.375, 11, 5]},
			"faces": {
				"north": {"uv": [10, 5.5, 11, 6], "texture": "#0"},
				"east": {"uv": [1, 7.5, 4.5, 8], "texture": "#0"},
				"south": {"uv": [10, 6, 11, 6.5], "texture": "#0"},
				"west": {"uv": [7.5, 1.5, 11, 2], "texture": "#0"},
				"up": {"uv": [4.5, 7, 3.5, 3.5], "texture": "#0"},
				"down": {"uv": [5.5, 3.5, 4.5, 7], "texture": "#0"}
			}
		},
		{
			"from": [-0.625, 10, 4],
			"to": [3.375, 12, 18],
			"rotation": {"angle": -45, "axis": "z", "origin": [1.375, 11, 5]},
			"faces": {
				"north": {"uv": [10, 6.5, 11, 7], "texture": "#0"},
				"east": {"uv": [7.5, 2, 11, 2.5], "texture": "#0"},
				"south": {"uv": [10, 7, 11, 7.5], "texture": "#0"},
				"west": {"uv": [7.5, 2.5, 11, 3], "texture": "#0"},
				"up": {"uv": [6.5, 7, 5.5, 3.5], "texture": "#0"},
				"down": {"uv": [7.5, 1.5, 6.5, 5], "texture": "#0"}
			}
		},
		{
			"from": [0.375, 9, 4],
			"to": [2.375, 13, 18],
			"rotation": {"angle": 0, "axis": "y", "origin": [0.375, 0, 0]},
			"faces": {
				"north": {"uv": [7.5, 9.5, 8, 10.5], "texture": "#0"},
				"east": {"uv": [6.5, 5, 10, 6], "texture": "#0"},
				"south": {"uv": [3.75, 10, 4.25, 11], "texture": "#0"},
				"west": {"uv": [6.5, 6, 10, 7], "texture": "#0"},
				"up": {"uv": [5, 11, 4.5, 7.5], "texture": "#0"},
				"down": {"uv": [5.5, 7.5, 5, 11], "texture": "#0"}
			}
		}
	],
	"display": {
		"thirdperson_righthand": {
			"translation": [3.75, 3.25, -2.5],
			"scale": [0.54, 0.54, 0.54]
		},
		"thirdperson_lefthand": {
			"translation": [-3.5, 3, -3.25],
			"scale": [0.54, 0.54, 0.54]
		},
		"firstperson_righthand": {
			"translation": [3.75, 3.25, -2.5],
			"scale": [0.54, 0.54, 0.54]
		},
		"firstperson_lefthand": {
			"translation": [6, 2.5, -2.25],
			"scale": [0.54, 0.54, 0.54]
		},
		"ground": {
			"translation": [5.5, 7.75, -0.75],
			"scale": [0.85, 0.85, 0.85]
		},
		"gui": {
			"rotation": [-71, -122, -75],
			"translation": [-0.75, 1, 0],
			"scale": [0.4, 0.4, 0.4]
		},
		"head": {
			"translation": [-2.25, 1.25, -9.75],
			"scale": [1.27, 4, 0.27]
		},
		"fixed": {
			"rotation": [0, -90, 0],
			"translation": [1, 2.25, 5]
		}
	},
	"groups": [
		0,
		1,
		2,
		3,
		4,
		5,
		6,
		7,
		8,
		9,
		10,
		11,
		12,
		13,
		14,
		15,
		16,
		17,
		18,
		19,
		20,
		21,
		{
			"name": "group",
			"origin": [0, 0, 0],
			"color": 0,
			"children": [
				22,
				{
					"name": "group",
					"origin": [0, 0, 28],
					"color": 0,
					"children": [
						23,
						24,
						{
							"name": "group",
							"origin": [0, 2.6875, 25.75],
							"color": 0,
							"children": [25, 26]
						}
					]
				}
			]
		},
		{
			"name": "group",
			"origin": [0, 0, 0],
			"color": 0,
			"children": [27]
		},
		{
			"name": "group",
			"origin": [0, 0, 0],
			"color": 0,
			"children": [
				28,
				29,
				{
					"name": "group",
					"origin": [0, 1, 19],
					"color": 0,
					"children": [30]
				}
			]
		},
		{
			"name": "group",
			"origin": [0, 0, 0],
			"color": 0,
			"children": [
				31,
				{
					"name": "group",
					"origin": [0, 10.25, 27.25],
					"color": 0,
					"children": [
						32,
						{
							"name": "group",
							"origin": [0, 10, 28.5],
							"color": 0,
							"children": [33]
						}
					]
				}
			]
		},
		34,
		35,
		36,
		37
	]
}