{
	"credit": "Made with Blockbench",
	"texture_size": [32, 32],
	"textures": {
		"0": "item/gold",
		"particle": "item/gold"
	},
	"elements": [
		{
			"from": [2, 0, 6],
			"to": [14, 2, 10],
			"faces": {
				"north": {"uv": [0, 4, 6, 5], "texture": "#0"},
				"east": {"uv": [6, 6, 8, 7], "texture": "#0"},
				"south": {"uv": [0, 5, 6, 6], "texture": "#0"},
				"west": {"uv": [0, 7, 2, 8], "texture": "#0"},
				"up": {"uv": [6, 2, 0, 0], "texture": "#0"},
				"down": {"uv": [6, 2, 0, 4], "texture": "#0"}
			}
		},
		{
			"from": [2, 2, 7.05],
			"to": [14, 3.05, 8.95],
			"faces": {
				"north": {"uv": [6, 5, 12, 5.5], "texture": "#0"},
				"east": {"uv": [2, 7, 3, 7.5], "texture": "#0"},
				"south": {"uv": [6, 5.5, 12, 6], "texture": "#0"},
				"west": {"uv": [3, 7, 4, 7.5], "texture": "#0"},
				"up": {"uv": [6, 7, 0, 6], "texture": "#0"},
				"down": {"uv": [12, 0, 6, 1], "texture": "#0"}
			}
		},
		{
			"from": [2, 0.275, 9.1],
			"to": [14, 1.775, 10.1],
			"rotation": {"angle": -45, "axis": "x", "origin": [8, 1, 8]},
			"faces": {
				"north": {"uv": [6, 1, 12, 1.5], "texture": "#0"},
				"east": {"uv": [4, 7, 4.5, 7.5], "texture": "#0"},
				"south": {"uv": [6, 1.5, 12, 2], "texture": "#0"},
				"west": {"uv": [4.5, 7, 5, 7.5], "texture": "#0"},
				"up": {"uv": [12, 2.5, 6, 2], "texture": "#0"},
				"down": {"uv": [12, 2.5, 6, 3], "texture": "#0"}
			}
		},
		{
			"from": [2, 2.125, 7.3],
			"to": [14, 3.125, 8.8],
			"rotation": {"angle": -45, "axis": "x", "origin": [8, 1, 8]},
			"faces": {
				"north": {"uv": [6, 3, 12, 3.5], "texture": "#0"},
				"east": {"uv": [5, 7, 5.5, 7.5], "texture": "#0"},
				"south": {"uv": [6, 3.5, 12, 4], "texture": "#0"},
				"west": {"uv": [5.5, 7, 6, 7.5], "texture": "#0"},
				"up": {"uv": [12, 4.5, 6, 4], "texture": "#0"},
				"down": {"uv": [12, 4.5, 6, 5], "texture": "#0"}
			}
		}
	],
	"display": {
		"thirdperson_righthand": {
			"translation": [-7.25, 31, 0],
			"scale": [4, 4, 4]
		},
		"thirdperson_lefthand": {
			"translation": [-7.25, 31, 0],
			"scale": [4, 4, 4]
		},
		"firstperson_righthand": {
			"rotation": [43, 92, 0],
			"translation": [-8.5, -0.25, 0],
			"scale": [1.34, 1.34, 1.34]
		},
		"firstperson_lefthand": {
			"rotation": [43, 92, 0],
			"translation": [-8.5, -0.25, 0],
			"scale": [1.34, 1.34, 1.34]
		},
		"ground": {
			"translation": [0, 7.5, 0]
		},
		"gui": {
			"translation": [0, 26, 0],
			"scale": [4, 4, 4]
		},
		"head": {
			"translation": [0, 30, 0],
			"scale": [2.96, 2.96, 2.96]
		},
		"fixed": {
			"rotation": [-90, -44, -1],
			"translation": [0, 0, -8.75],
			"scale": [1.15, 1.15, 1.15]
		}
	}
}