{
	"credit": "Made with Blockbench",
	"texture_size": [128, 128],
	"textures": {
		"0": "item/minigun",
		"particle": "item/minigun"
	},
	"elements": [
		{
			"from": [0, 0, -16],
			"to": [1, 1, 14],
			"faces": {
				"north": {"uv": [3.875, 6.25, 4, 6.375], "texture": "#0"},
				"east": {"uv": [4.5, 3.875, 8.25, 4], "texture": "#0"},
				"south": {"uv": [6.75, 4.75, 6.875, 4.875], "texture": "#0"},
				"west": {"uv": [4.5, 4, 8.25, 4.125], "texture": "#0"},
				"up": {"uv": [0.125, 8.5, 0, 4.75], "texture": "#0"},
				"down": {"uv": [0.25, 4.75, 0.125, 8.5], "texture": "#0"}
			}
		},
		{
			"from": [0, 4, -16],
			"to": [1, 5, 14],
			"faces": {
				"north": {"uv": [6.5, 7.75, 6.625, 7.875], "texture": "#0"},
				"east": {"uv": [4.5, 4.125, 8.25, 4.25], "texture": "#0"},
				"south": {"uv": [7, 7.75, 7.125, 7.875], "texture": "#0"},
				"west": {"uv": [4.5, 4.25, 8.25, 4.375], "texture": "#0"},
				"up": {"uv": [0.375, 8.5, 0.25, 4.75], "texture": "#0"},
				"down": {"uv": [0.5, 4.75, 0.375, 8.5], "texture": "#0"}
			}
		},
		{
			"from": [-0.625, 6.5625, 28],
			"to": [1.625, 7.3125, 32],
			"rotation": {"angle": 0, "axis": "y", "origin": [0, 2.8125, 0]},
			"faces": {
				"north": {"uv": [7.625, 3.25, 7.90625, 3.34375], "texture": "#0"},
				"east": {"uv": [7.125, 3.75, 7.6875, 3.84375], "texture": "#0"},
				"south": {"uv": [7.625, 3.375, 7.90625, 3.46875], "texture": "#0"},
				"west": {"uv": [7.25, 4.75, 7.8125, 4.84375], "texture": "#0"},
				"up": {"uv": [2.78125, 7.4375, 2.5, 6.875], "texture": "#0"},
				"down": {"uv": [3.15625, 6.875, 2.875, 7.4375], "texture": "#0"}
			}
		},
		{
			"from": [-0.375, 10.3125, 27.75],
			"to": [1.375, 11.5625, 30.75],
			"rotation": {"angle": 0, "axis": "y", "origin": [0, 2.8125, 0]},
			"faces": {
				"north": {"uv": [7.625, 0.5, 7.84375, 0.65625], "texture": "#0"},
				"east": {"uv": [7.25, 7, 7.625, 7.15625], "texture": "#0"},
				"south": {"uv": [7.625, 1.25, 7.84375, 1.40625], "texture": "#0"},
				"west": {"uv": [7.25, 7.25, 7.625, 7.40625], "texture": "#0"},
				"up": {"uv": [6.84375, 7.5, 6.625, 7.125], "texture": "#0"},
				"down": {"uv": [7.09375, 7.125, 6.875, 7.5], "texture": "#0"}
			}
		},
		{
			"from": [-0.625, 6.5625, 27.3125],
			"to": [1.625, 8.3125, 28],
			"rotation": {"angle": 0, "axis": "y", "origin": [0, 2.8125, 0]},
			"faces": {
				"north": {"uv": [7.25, 4.5, 7.53125, 4.71875], "texture": "#0"},
				"east": {"uv": [3.75, 7.75, 3.84375, 7.96875], "texture": "#0"},
				"south": {"uv": [5.625, 7.25, 5.90625, 7.46875], "texture": "#0"},
				"west": {"uv": [7.75, 5, 7.84375, 5.21875], "texture": "#0"},
				"up": {"uv": [3.78125, 7.71875, 3.5, 7.625], "texture": "#0"},
				"down": {"uv": [7.90625, 4.5, 7.625, 4.59375], "texture": "#0"}
			}
		},
		{
			"from": [-0.375, 7.5625, 17.625],
			"to": [1.375, 8.3125, 27.3125],
			"rotation": {"angle": 0, "axis": "y", "origin": [0, 2.8125, 0]},
			"faces": {
				"north": {"uv": [7.75, 3.75, 7.96875, 3.84375], "texture": "#0"},
				"east": {"uv": [5.125, 4.75, 6.34375, 4.84375], "texture": "#0"},
				"south": {"uv": [5.125, 7.75, 5.34375, 7.84375], "texture": "#0"},
				"west": {"uv": [5.875, 3.75, 7.09375, 3.84375], "texture": "#0"},
				"up": {"uv": [4.21875, 6.34375, 4, 5.125], "texture": "#0"},
				"down": {"uv": [2.34375, 5.375, 2.125, 6.59375], "texture": "#0"}
			}
		},
		{
			"from": [-5.625, 6.3125, 12.0625],
			"to": [6.625, 7.4375, 13],
			"rotation": {"angle": 0, "axis": "y", "origin": [0, 2.8125, 0]},
			"faces": {
				"north": {"uv": [5.125, 5.75, 6.65625, 5.90625], "texture": "#0"},
				"east": {"uv": [5.375, 7.75, 5.5, 7.90625], "texture": "#0"},
				"south": {"uv": [5.875, 3.5, 7.40625, 3.65625], "texture": "#0"},
				"west": {"uv": [6.375, 7.75, 6.5, 7.90625], "texture": "#0"},
				"up": {"uv": [2.03125, 4.875, 0.5, 4.75], "texture": "#0"},
				"down": {"uv": [3.65625, 4.75, 2.125, 4.875], "texture": "#0"}
			}
		},
		{
			"from": [-2.625, 9.3125, 12.0625],
			"to": [3.625, 10.3125, 13],
			"rotation": {"angle": 0, "axis": "y", "origin": [0, 2.8125, 0]},
			"faces": {
				"north": {"uv": [7, 6, 7.78125, 6.125], "texture": "#0"},
				"east": {"uv": [2, 7.875, 2.125, 8], "texture": "#0"},
				"south": {"uv": [7, 6.125, 7.78125, 6.25], "texture": "#0"},
				"west": {"uv": [7.875, 2, 8, 2.125], "texture": "#0"},
				"up": {"uv": [7.78125, 6.375, 7, 6.25], "texture": "#0"},
				"down": {"uv": [7.15625, 7, 6.375, 7.125], "texture": "#0"}
			}
		},
		{
			"from": [2.5625, 7.375, 12.0625],
			"to": [3.625, 9.3125, 13],
			"rotation": {"angle": 0, "axis": "y", "origin": [0, 2.8125, 0]},
			"faces": {
				"north": {"uv": [2.5, 6.625, 2.625, 6.875], "texture": "#0"},
				"east": {"uv": [5.875, 7.5, 6, 7.75], "texture": "#0"},
				"south": {"uv": [7, 7.5, 7.125, 7.75], "texture": "#0"},
				"west": {"uv": [7.625, 1.5, 7.75, 1.75], "texture": "#0"},
				"up": {"uv": [8, 2.25, 7.875, 2.125], "texture": "#0"},
				"down": {"uv": [8, 2.25, 7.875, 2.375], "texture": "#0"}
			}
		},
		{
			"from": [-2.625, 7.375, 12.0625],
			"to": [-1.5625, 9.3125, 13],
			"rotation": {"angle": 0, "axis": "y", "origin": [0, 2.8125, 0]},
			"faces": {
				"north": {"uv": [7.625, 1.75, 7.75, 2], "texture": "#0"},
				"east": {"uv": [7.625, 2, 7.75, 2.25], "texture": "#0"},
				"south": {"uv": [7.625, 2.25, 7.75, 2.5], "texture": "#0"},
				"west": {"uv": [7.625, 2.5, 7.75, 2.75], "texture": "#0"},
				"up": {"uv": [8, 2.5, 7.875, 2.375], "texture": "#0"},
				"down": {"uv": [8, 2.5, 7.875, 2.625], "texture": "#0"}
			}
		},
		{
			"from": [-0.375, 6.75, 29.25],
			"to": [1.375, 7.5, 31.75],
			"rotation": {"angle": 0, "axis": "y", "origin": [0, 2.8125, 0]},
			"faces": {
				"north": {"uv": [5.875, 7.75, 6.09375, 7.84375], "texture": "#0"},
				"east": {"uv": [7.625, 2.75, 7.9375, 2.84375], "texture": "#0"},
				"south": {"uv": [6.125, 7.75, 6.34375, 7.84375], "texture": "#0"},
				"west": {"uv": [7.625, 2.875, 7.9375, 2.96875], "texture": "#0"},
				"up": {"uv": [7.46875, 2.9375, 7.25, 2.625], "texture": "#0"},
				"down": {"uv": [4.09375, 7.25, 3.875, 7.5625], "texture": "#0"}
			}
		},
		{
			"from": [-2, 1, -16],
			"to": [-1, 2, 14],
			"faces": {
				"north": {"uv": [7.875, 2.625, 8, 2.75], "texture": "#0"},
				"east": {"uv": [4.5, 4.375, 8.25, 4.5], "texture": "#0"},
				"south": {"uv": [3.25, 7.875, 3.375, 8], "texture": "#0"},
				"west": {"uv": [0.5, 4.875, 4.25, 5], "texture": "#0"},
				"up": {"uv": [4.375, 8.625, 4.25, 4.875], "texture": "#0"},
				"down": {"uv": [4.5, 4.875, 4.375, 8.625], "texture": "#0"}
			}
		},
		{
			"from": [2, 1, -16],
			"to": [3, 2, 14],
			"faces": {
				"north": {"uv": [3.375, 7.875, 3.5, 8], "texture": "#0"},
				"east": {"uv": [4.5, 4.875, 8.25, 5], "texture": "#0"},
				"south": {"uv": [3.875, 7.875, 4, 8], "texture": "#0"},
				"west": {"uv": [0.5, 5, 4.25, 5.125], "texture": "#0"},
				"up": {"uv": [4.625, 8.75, 4.5, 5], "texture": "#0"},
				"down": {"uv": [4.75, 5, 4.625, 8.75], "texture": "#0"}
			}
		},
		{
			"from": [2, 3, -16],
			"to": [3, 4, 14],
			"faces": {
				"north": {"uv": [4, 7.875, 4.125, 8], "texture": "#0"},
				"east": {"uv": [5, 0.75, 8.75, 0.875], "texture": "#0"},
				"south": {"uv": [7.875, 4.75, 8, 4.875], "texture": "#0"},
				"west": {"uv": [5, 0.875, 8.75, 1], "texture": "#0"},
				"up": {"uv": [4.875, 8.75, 4.75, 5], "texture": "#0"},
				"down": {"uv": [5, 5, 4.875, 8.75], "texture": "#0"}
			}
		},
		{
			"from": [-2, 3, -16],
			"to": [-1, 4, 14],
			"faces": {
				"north": {"uv": [7.875, 5, 8, 5.125], "texture": "#0"},
				"east": {"uv": [5, 1, 8.75, 1.125], "texture": "#0"},
				"south": {"uv": [5.125, 7.875, 5.25, 8], "texture": "#0"},
				"west": {"uv": [5, 1.125, 8.75, 1.25], "texture": "#0"},
				"up": {"uv": [5.125, 8.75, 5, 5], "texture": "#0"},
				"down": {"uv": [0.625, 5.125, 0.5, 8.875], "texture": "#0"}
			}
		},
		{
			"from": [-2.5, -1.5, 13.0625],
			"to": [3.5, 6.5, 27.0625],
			"faces": {
				"north": {"uv": [4.25, 0.75, 5, 1.75], "texture": "#0"},
				"east": {"uv": [2.5, 0, 4.25, 1], "texture": "#0"},
				"south": {"uv": [4.25, 1.75, 5, 2.75], "texture": "#0"},
				"west": {"uv": [0, 3, 1.75, 4], "texture": "#0"},
				"up": {"uv": [4.25, 2.75, 3.5, 1], "texture": "#0"},
				"down": {"uv": [4.5, 2.75, 3.75, 4.5], "texture": "#0"}
			}
		},
		{
			"from": [-0.5, 2.5625, 26.8125],
			"to": [1.5, 4.5625, 32],
			"rotation": {"angle": 0, "axis": "y", "origin": [0, 2.8125, 0]},
			"faces": {
				"north": {"uv": [3.5, 2.75, 3.75, 3], "texture": "#0"},
				"east": {"uv": [6, 0.5, 6.65625, 0.75], "texture": "#0"},
				"south": {"uv": [6.25, 2.75, 6.5, 3], "texture": "#0"},
				"west": {"uv": [6.25, 3, 6.90625, 3.25], "texture": "#0"},
				"up": {"uv": [6.5, 5.65625, 6.25, 5], "texture": "#0"},
				"down": {"uv": [6.75, 5, 6.5, 5.65625], "texture": "#0"}
			}
		},
		{
			"from": [-0.125, 0.3125, 26.0625],
			"to": [1.1875, 1.625, 30.6875],
			"rotation": {"angle": 0, "axis": "y", "origin": [0, 2.8125, 0]},
			"faces": {
				"north": {"uv": [3.875, 7.625, 4.03125, 7.78125], "texture": "#0"},
				"east": {"uv": [7, 6.625, 7.59375, 6.78125], "texture": "#0"},
				"south": {"uv": [7.625, 5.25, 7.78125, 5.40625], "texture": "#0"},
				"west": {"uv": [7.125, 5, 7.71875, 5.15625], "texture": "#0"},
				"up": {"uv": [7.28125, 5.84375, 7.125, 5.25], "texture": "#0"},
				"down": {"uv": [6.53125, 7.125, 6.375, 7.71875], "texture": "#0"}
			}
		},
		{
			"from": [-0.625, 0.125, 30.0625],
			"to": [1.625, 6.6875, 30.75],
			"rotation": {"angle": 0, "axis": "y", "origin": [0, 2.8125, 0]},
			"faces": {
				"north": {"uv": [3.5, 5.875, 3.78125, 6.6875], "texture": "#0"},
				"east": {"uv": [7.125, 7.125, 7.21875, 7.9375], "texture": "#0"},
				"south": {"uv": [5.125, 6, 5.40625, 6.8125], "texture": "#0"},
				"west": {"uv": [7.25, 1.25, 7.34375, 2.0625], "texture": "#0"},
				"up": {"uv": [7.90625, 4.71875, 7.625, 4.625], "texture": "#0"},
				"down": {"uv": [5.40625, 7.625, 5.125, 7.71875], "texture": "#0"}
			}
		},
		{
			"from": [-3.5, -0.5, 12.875],
			"to": [4.5, 5.5, 27],
			"faces": {
				"north": {"uv": [2.5, 1, 3.5, 1.75], "texture": "#0"},
				"east": {"uv": [0, 4, 1.75, 4.75], "texture": "#0"},
				"south": {"uv": [4.5, 2.75, 5.5, 3.5], "texture": "#0"},
				"west": {"uv": [4.25, 0, 6, 0.75], "texture": "#0"},
				"up": {"uv": [2.75, 4.75, 1.75, 3], "texture": "#0"},
				"down": {"uv": [3.75, 3, 2.75, 4.75], "texture": "#0"}
			}
		},
		{
			"from": [-4.8125, 1.6875, 13],
			"to": [5.125, 3.0625, 26.9375],
			"rotation": {"angle": -45, "axis": "z", "origin": [0.5, 2, 21]},
			"faces": {
				"north": {"uv": [6, 0, 7.25, 0.1875], "texture": "#0"},
				"east": {"uv": [1, 5.125, 2.75, 5.3125], "texture": "#0"},
				"south": {"uv": [6, 0.25, 7.25, 0.4375], "texture": "#0"},
				"west": {"uv": [5.125, 4.5, 6.875, 4.6875], "texture": "#0"},
				"up": {"uv": [1.25, 1.75, 0, 0], "texture": "#0"},
				"down": {"uv": [2.5, 0, 1.25, 1.75], "texture": "#0"}
			}
		},
		{
			"from": [-0.5625, -2.625, 13],
			"to": [0.8125, 7.3125, 26.875],
			"rotation": {"angle": -45, "axis": "z", "origin": [0.5, 2, 21]},
			"faces": {
				"north": {"uv": [2.375, 5.375, 2.5625, 6.625], "texture": "#0"},
				"east": {"uv": [0, 1.75, 1.75, 3], "texture": "#0"},
				"south": {"uv": [3.25, 5.875, 3.4375, 7.125], "texture": "#0"},
				"west": {"uv": [1.75, 1.75, 3.5, 3], "texture": "#0"},
				"up": {"uv": [2.9375, 6.875, 2.75, 5.125], "texture": "#0"},
				"down": {"uv": [3.1875, 5.125, 3, 6.875], "texture": "#0"}
			}
		},
		{
			"from": [-0.125, 7.25, 30.1875],
			"to": [1.125, 11, 31.5],
			"rotation": {"angle": -22.5, "axis": "x", "origin": [0.5, 7.3125, 31]},
			"faces": {
				"north": {"uv": [7.25, 0, 7.40625, 0.46875], "texture": "#0"},
				"east": {"uv": [1.5, 7.25, 1.65625, 7.71875], "texture": "#0"},
				"south": {"uv": [1.75, 7.25, 1.90625, 7.71875], "texture": "#0"},
				"west": {"uv": [7.25, 2.125, 7.40625, 2.59375], "texture": "#0"},
				"up": {"uv": [7.78125, 5.65625, 7.625, 5.5], "texture": "#0"},
				"down": {"uv": [6.78125, 7.625, 6.625, 7.78125], "texture": "#0"}
			}
		},
		{
			"from": [0.125, 9.9375, 29.875],
			"to": [0.875, 11.1875, 31.1875],
			"rotation": {"angle": -22.5, "axis": "x", "origin": [0.5, 7.3125, 31]},
			"faces": {
				"north": {"uv": [7.875, 5.125, 7.96875, 5.28125], "texture": "#0"},
				"east": {"uv": [7.625, 6.625, 7.78125, 6.78125], "texture": "#0"},
				"south": {"uv": [5.25, 7.875, 5.34375, 8.03125], "texture": "#0"},
				"west": {"uv": [7.625, 7, 7.78125, 7.15625], "texture": "#0"},
				"up": {"uv": [7.96875, 5.53125, 7.875, 5.375], "texture": "#0"},
				"down": {"uv": [5.59375, 7.875, 5.5, 8.03125], "texture": "#0"}
			}
		},
		{
			"from": [-0.375, 7.3125, 9.375],
			"to": [0.375, 8.0625, 17.8125],
			"rotation": {"angle": 45, "axis": "y", "origin": [0.5, 7.8125, 17.75]},
			"faces": {
				"north": {"uv": [7.875, 5.625, 7.96875, 5.71875], "texture": "#0"},
				"east": {"uv": [6.75, 5.875, 7.8125, 5.96875], "texture": "#0"},
				"south": {"uv": [5.75, 7.875, 5.84375, 7.96875], "texture": "#0"},
				"west": {"uv": [6.375, 6.875, 7.4375, 6.96875], "texture": "#0"},
				"up": {"uv": [1.09375, 8.0625, 1, 7], "texture": "#0"},
				"down": {"uv": [1.21875, 7, 1.125, 8.0625], "texture": "#0"}
			}
		},
		{
			"from": [0.375, 7.3125, 9.375],
			"to": [1.125, 8.0625, 17.8125],
			"rotation": {"angle": -45, "axis": "y", "origin": [0.5, 7.8125, 17.75]},
			"faces": {
				"north": {"uv": [5.875, 7.875, 5.96875, 7.96875], "texture": "#0"},
				"east": {"uv": [7, 3, 8.0625, 3.09375], "texture": "#0"},
				"south": {"uv": [7.875, 5.875, 7.96875, 5.96875], "texture": "#0"},
				"west": {"uv": [7, 3.125, 8.0625, 3.21875], "texture": "#0"},
				"up": {"uv": [1.34375, 8.0625, 1.25, 7], "texture": "#0"},
				"down": {"uv": [1.46875, 7, 1.375, 8.0625], "texture": "#0"}
			}
		},
		{
			"from": [4.25, -0.75, 14],
			"to": [6.6875, 2.25, 25],
			"faces": {
				"north": {"uv": [6.875, 4.5, 7.1875, 4.875], "texture": "#0"},
				"east": {"uv": [4.5, 3.5, 5.875, 3.875], "texture": "#0"},
				"south": {"uv": [5.625, 6.875, 5.9375, 7.25], "texture": "#0"},
				"west": {"uv": [3.75, 4.5, 5.125, 4.875], "texture": "#0"},
				"up": {"uv": [5.3125, 2.625, 5, 1.25], "texture": "#0"},
				"down": {"uv": [0.9375, 5.125, 0.625, 6.5], "texture": "#0"}
			}
		},
		{
			"from": [4.25, 3.5, 13.25],
			"to": [6, 5.25, 19],
			"faces": {
				"north": {"uv": [7.375, 5.25, 7.59375, 5.46875], "texture": "#0"},
				"east": {"uv": [6.25, 3.25, 6.96875, 3.46875], "texture": "#0"},
				"south": {"uv": [7.375, 5.5, 7.59375, 5.71875], "texture": "#0"},
				"west": {"uv": [6.75, 0.5, 7.46875, 0.71875], "texture": "#0"},
				"up": {"uv": [5.34375, 7.59375, 5.125, 6.875], "texture": "#0"},
				"down": {"uv": [5.59375, 6.875, 5.375, 7.59375], "texture": "#0"}
			}
		},
		{
			"from": [4.25, 2, 21.5],
			"to": [5.25, 3.5, 25.75],
			"faces": {
				"north": {"uv": [5.5, 7.625, 5.625, 7.8125], "texture": "#0"},
				"east": {"uv": [1.5, 7, 2.03125, 7.1875], "texture": "#0"},
				"south": {"uv": [6.875, 7.625, 7, 7.8125], "texture": "#0"},
				"west": {"uv": [7, 3.25, 7.53125, 3.4375], "texture": "#0"},
				"up": {"uv": [2.75, 6.78125, 2.625, 6.25], "texture": "#0"},
				"down": {"uv": [2.125, 7.25, 2, 7.78125], "texture": "#0"}
			}
		},
		{
			"from": [-0.5625, -0.6875, 0],
			"to": [1.5625, 5.6875, 1],
			"rotation": {"angle": -45, "axis": "z", "origin": [0.5, 2.5, 0]},
			"faces": {
				"north": {"uv": [5.5, 6, 5.78125, 6.8125], "texture": "#0"},
				"east": {"uv": [2.625, 5.375, 2.75, 6.1875], "texture": "#0"},
				"south": {"uv": [5.875, 6, 6.15625, 6.8125], "texture": "#0"},
				"west": {"uv": [6, 6.875, 6.125, 7.6875], "texture": "#0"},
				"up": {"uv": [6.90625, 7.625, 6.625, 7.5], "texture": "#0"},
				"down": {"uv": [7.90625, 0.125, 7.625, 0.25], "texture": "#0"}
			}
		},
		{
			"from": [-0.5625, -0.6875, 0],
			"to": [1.5625, 5.6875, 1],
			"rotation": {"angle": 45, "axis": "z", "origin": [0.5, 2.5, 0]},
			"faces": {
				"north": {"uv": [1, 6.125, 1.28125, 6.9375], "texture": "#0"},
				"east": {"uv": [6.125, 6.875, 6.25, 7.6875], "texture": "#0"},
				"south": {"uv": [1.375, 6.125, 1.65625, 6.9375], "texture": "#0"},
				"west": {"uv": [6.25, 6.875, 6.375, 7.6875], "texture": "#0"},
				"up": {"uv": [7.90625, 0.375, 7.625, 0.25], "texture": "#0"},
				"down": {"uv": [7.90625, 0.375, 7.625, 0.5], "texture": "#0"}
			}
		},
		{
			"from": [-1, -0.5, 0],
			"to": [2, 5.5, 1],
			"faces": {
				"north": {"uv": [3.25, 5.125, 3.625, 5.875], "texture": "#0"},
				"east": {"uv": [3.25, 7.125, 3.375, 7.875], "texture": "#0"},
				"south": {"uv": [3.625, 5.125, 4, 5.875], "texture": "#0"},
				"west": {"uv": [3.375, 7.125, 3.5, 7.875], "texture": "#0"},
				"up": {"uv": [5.375, 2.75, 5, 2.625], "texture": "#0"},
				"down": {"uv": [6.75, 4.75, 6.375, 4.875], "texture": "#0"}
			}
		},
		{
			"from": [-0.5625, -0.6875, -14.75],
			"to": [1.5625, 5.6875, -14.25],
			"rotation": {"angle": 45, "axis": "z", "origin": [0.5, 2.5, -15.25]},
			"faces": {
				"north": {"uv": [1.75, 6.125, 2.03125, 6.9375], "texture": "#0"},
				"east": {"uv": [4.125, 7.25, 4.1875, 8.0625], "texture": "#0"},
				"south": {"uv": [6.25, 6, 6.53125, 6.8125], "texture": "#0"},
				"west": {"uv": [0.625, 7.375, 0.6875, 8.1875], "texture": "#0"},
				"up": {"uv": [8.03125, 6.4375, 7.75, 6.375], "texture": "#0"},
				"down": {"uv": [8.03125, 6.5, 7.75, 6.5625], "texture": "#0"}
			}
		},
		{
			"from": [-0.5625, -0.6875, -14.75],
			"to": [1.5625, 5.6875, -14.25],
			"rotation": {"angle": -45, "axis": "z", "origin": [0.5, 2.5, -15.25]},
			"faces": {
				"north": {"uv": [3.875, 6.375, 4.15625, 7.1875], "texture": "#0"},
				"east": {"uv": [0.75, 7.375, 0.8125, 8.1875], "texture": "#0"},
				"south": {"uv": [0.625, 6.5, 0.90625, 7.3125], "texture": "#0"},
				"west": {"uv": [0.875, 7.375, 0.9375, 8.1875], "texture": "#0"},
				"up": {"uv": [7.53125, 7.8125, 7.25, 7.75], "texture": "#0"},
				"down": {"uv": [7.90625, 7.75, 7.625, 7.8125], "texture": "#0"}
			}
		},
		{
			"from": [-1, -0.5, -14.75],
			"to": [2, 5.5, -14.25],
			"rotation": {"angle": 0, "axis": "y", "origin": [0, 0, -15.25]},
			"faces": {
				"north": {"uv": [5.125, 5, 5.5, 5.75], "texture": "#0"},
				"east": {"uv": [7.5, 0, 7.5625, 0.75], "texture": "#0"},
				"south": {"uv": [1, 5.375, 1.375, 6.125], "texture": "#0"},
				"west": {"uv": [2.75, 7.5, 2.8125, 8.25], "texture": "#0"},
				"up": {"uv": [7.625, 7.6875, 7.25, 7.625], "texture": "#0"},
				"down": {"uv": [8, 7.25, 7.625, 7.3125], "texture": "#0"}
			}
		},
		{
			"from": [-0.5625, -0.6875, -13.25],
			"to": [1.5625, 5.6875, -12.75],
			"rotation": {"angle": 45, "axis": "z", "origin": [0.5, 2.5, -13.75]},
			"faces": {
				"north": {"uv": [6.5, 1.25, 6.78125, 2.0625], "texture": "#0"},
				"east": {"uv": [7.375, 1.25, 7.4375, 2.0625], "texture": "#0"},
				"south": {"uv": [6.5, 2.125, 6.78125, 2.9375], "texture": "#0"},
				"west": {"uv": [7.5, 1.25, 7.5625, 2.0625], "texture": "#0"},
				"up": {"uv": [8.15625, 0.5625, 7.875, 0.5], "texture": "#0"},
				"down": {"uv": [8.15625, 0.625, 7.875, 0.6875], "texture": "#0"}
			}
		},
		{
			"from": [-0.5625, -0.6875, -13.25],
			"to": [1.5625, 5.6875, -12.75],
			"rotation": {"angle": -45, "axis": "z", "origin": [0.5, 2.5, -13.75]},
			"faces": {
				"north": {"uv": [2.125, 6.625, 2.40625, 7.4375], "texture": "#0"},
				"east": {"uv": [2.125, 7.5, 2.1875, 8.3125], "texture": "#0"},
				"south": {"uv": [6.625, 6, 6.90625, 6.8125], "texture": "#0"},
				"west": {"uv": [7.5, 2.125, 7.5625, 2.9375], "texture": "#0"},
				"up": {"uv": [8.15625, 1.3125, 7.875, 1.25], "texture": "#0"},
				"down": {"uv": [8.15625, 1.375, 7.875, 1.4375], "texture": "#0"}
			}
		},
		{
			"from": [-1, -0.5, -13.25],
			"to": [2, 5.5, -12.75],
			"rotation": {"angle": 0, "axis": "y", "origin": [0, 0, -13.75]},
			"faces": {
				"north": {"uv": [5.375, 1.25, 5.75, 2], "texture": "#0"},
				"east": {"uv": [2.875, 7.5, 2.9375, 8.25], "texture": "#0"},
				"south": {"uv": [1.375, 5.375, 1.75, 6.125], "texture": "#0"},
				"west": {"uv": [3, 7.5, 3.0625, 8.25], "texture": "#0"},
				"up": {"uv": [8, 7.4375, 7.625, 7.375], "texture": "#0"},
				"down": {"uv": [8, 7.625, 7.625, 7.6875], "texture": "#0"}
			}
		},
		{
			"from": [-0.5625, -0.6875, -9.25],
			"to": [1.5625, 5.6875, -8.75],
			"rotation": {"angle": 45, "axis": "z", "origin": [0.5, 2.5, -9.75]},
			"faces": {
				"north": {"uv": [3.5, 6.75, 3.78125, 7.5625], "texture": "#0"},
				"east": {"uv": [2.25, 7.5, 2.3125, 8.3125], "texture": "#0"},
				"south": {"uv": [6.75, 5, 7.03125, 5.8125], "texture": "#0"},
				"west": {"uv": [2.375, 7.5, 2.4375, 8.3125], "texture": "#0"},
				"up": {"uv": [1.78125, 7.9375, 1.5, 7.875], "texture": "#0"},
				"down": {"uv": [8.15625, 1.625, 7.875, 1.6875], "texture": "#0"}
			}
		},
		{
			"from": [-0.5625, -0.6875, -9.25],
			"to": [1.5625, 5.6875, -8.75],
			"rotation": {"angle": -45, "axis": "z", "origin": [0.5, 2.5, -9.75]},
			"faces": {
				"north": {"uv": [6.875, 1.25, 7.15625, 2.0625], "texture": "#0"},
				"east": {"uv": [2.5, 7.5, 2.5625, 8.3125], "texture": "#0"},
				"south": {"uv": [6.875, 2.125, 7.15625, 2.9375], "texture": "#0"},
				"west": {"uv": [2.625, 7.5, 2.6875, 8.3125], "texture": "#0"},
				"up": {"uv": [8.15625, 1.8125, 7.875, 1.75], "texture": "#0"},
				"down": {"uv": [8.15625, 1.875, 7.875, 1.9375], "texture": "#0"}
			}
		},
		{
			"from": [-1, -0.5, -9.25],
			"to": [2, 5.5, -8.75],
			"rotation": {"angle": 0, "axis": "y", "origin": [0, 0, -9.75]},
			"faces": {
				"north": {"uv": [1.75, 5.375, 2.125, 6.125], "texture": "#0"},
				"east": {"uv": [3.125, 7.5, 3.1875, 8.25], "texture": "#0"},
				"south": {"uv": [5.375, 2, 5.75, 2.75], "texture": "#0"},
				"west": {"uv": [5.625, 7.5, 5.6875, 8.25], "texture": "#0"},
				"up": {"uv": [1.875, 7.8125, 1.5, 7.75], "texture": "#0"},
				"down": {"uv": [8.125, 1.5, 7.75, 1.5625], "texture": "#0"}
			}
		},
		{
			"from": [-2.5, 1, 0],
			"to": [3.5, 4, 1],
			"faces": {
				"north": {"uv": [5.5, 2.75, 6.25, 3.125], "texture": "#0"},
				"east": {"uv": [3.875, 5.875, 4, 6.25], "texture": "#0"},
				"south": {"uv": [5.5, 3.125, 6.25, 3.5], "texture": "#0"},
				"west": {"uv": [5.75, 7.5, 5.875, 7.875], "texture": "#0"},
				"up": {"uv": [7.75, 6.5, 7, 6.375], "texture": "#0"},
				"down": {"uv": [7.75, 6.5, 7, 6.625], "texture": "#0"}
			}
		},
		{
			"from": [-2.5, 1, -14.75],
			"to": [3.5, 4, -14.25],
			"rotation": {"angle": 0, "axis": "y", "origin": [0, 0, -15.25]},
			"faces": {
				"north": {"uv": [5.5, 5, 6.25, 5.375], "texture": "#0"},
				"east": {"uv": [7.75, 1.625, 7.8125, 2], "texture": "#0"},
				"south": {"uv": [5.5, 5.375, 6.25, 5.75], "texture": "#0"},
				"west": {"uv": [1.875, 7.75, 1.9375, 8.125], "texture": "#0"},
				"up": {"uv": [8.125, 5.8125, 7.375, 5.75], "texture": "#0"},
				"down": {"uv": [8.25, 3.5, 7.5, 3.5625], "texture": "#0"}
			}
		},
		{
			"from": [-2.5, 1, -13.25],
			"to": [3.5, 4, -12.75],
			"rotation": {"angle": 0, "axis": "y", "origin": [0, 0, -13.75]},
			"faces": {
				"north": {"uv": [5.75, 1.25, 6.5, 1.625], "texture": "#0"},
				"east": {"uv": [7.75, 2, 7.8125, 2.375], "texture": "#0"},
				"south": {"uv": [5.75, 1.625, 6.5, 2], "texture": "#0"},
				"west": {"uv": [7.75, 2.375, 7.8125, 2.75], "texture": "#0"},
				"up": {"uv": [8.25, 3.6875, 7.5, 3.625], "texture": "#0"},
				"down": {"uv": [8.25, 6.875, 7.5, 6.9375], "texture": "#0"}
			}
		},
		{
			"from": [-2.5, 1, -9.25],
			"to": [3.5, 4, -8.75],
			"rotation": {"angle": 0, "axis": "y", "origin": [0, 0, -9.75]},
			"faces": {
				"north": {"uv": [5.75, 2, 6.5, 2.375], "texture": "#0"},
				"east": {"uv": [3.5, 7.75, 3.5625, 8.125], "texture": "#0"},
				"south": {"uv": [5.75, 2.375, 6.5, 2.75], "texture": "#0"},
				"west": {"uv": [3.625, 7.75, 3.6875, 8.125], "texture": "#0"},
				"up": {"uv": [8, 7.5625, 7.25, 7.5], "texture": "#0"},
				"down": {"uv": [8.375, 0, 7.625, 0.0625], "texture": "#0"}
			}
		}
	],
	"display": {
		"thirdperson_righthand": {
			"rotation": [66, 0, 0],
			"translation": [5.25, 6.25, -3.25],
			"scale": [0.66, 0.66, 0.66]
		},
		"thirdperson_lefthand": {
			"rotation": [66, 0, 0],
			"translation": [-4.75, 6.25, -3.25],
			"scale": [0.66, 0.66, 0.66]
		},
		"firstperson_righthand": {
			"rotation": [4, 0, 0],
			"translation": [7, 2, -3.25],
			"scale": [0.66, 0.66, 0.66]
		},
		"firstperson_lefthand": {
			"rotation": [4, 0, 0],
			"translation": [7, 2, -3.25],
			"scale": [0.66, 0.66, 0.66]
		},
		"ground": {
			"translation": [4.5, 4, -6.5],
			"scale": [0.65, 0.65, 0.65]
		},
		"gui": {
			"rotation": [-34, -126, -44],
			"translation": [-1.5, 0.75, 0],
			"scale": [0.39, 0.39, 0.39]
		},
		"head": {
			"rotation": [21, 0, 0],
			"translation": [7, -16, -17]
		},
		"fixed": {
			"rotation": [0, -90, 0],
			"translation": [2.5, 3.25, 2.25],
			"scale": [0.7, 0.7, 0.7]
		}
	},
	"groups": [
		0,
		1,
		2,
		3,
		4,
		5,
		6,
		7,
		8,
		9,
		10,
		11,
		12,
		13,
		14,
		15,
		16,
		17,
		18,
		19,
		{
			"name": "group",
			"origin": [0, 0, 0],
			"color": 0,
			"children": [20, 21]
		},
		{
			"name": "group",
			"origin": [0, 0, 0],
			"color": 0,
			"children": [22, 23]
		},
		{
			"name": "group",
			"origin": [0, 2.8125, 0],
			"color": 0,
			"children": [24, 25]
		},
		26,
		27,
		28,
		29,
		30,
		31,
		32,
		33,
		34,
		35,
		36,
		37,
		38,
		39,
		40,
		{
			"name": "group",
			"origin": [0, 0, 0],
			"color": 0,
			"children": [41, 42, 43, 44]
		}
	]
}