{
	"credit": "Made with Blockbench",
	"textures": {
		"0": "item/paper",
		"particle": "item/paper"
	},
	"elements": [
		{
			"from": [0, 0, 0],
			"to": [3, 5, 3],
			"faces": {
				"north": {"uv": [0, 0, 3, 5], "texture": "#0"},
				"east": {"uv": [3, 0, 6, 5], "texture": "#0"},
				"south": {"uv": [0, 5, 3, 10], "texture": "#0"},
				"west": {"uv": [3, 5, 6, 10], "texture": "#0"},
				"up": {"uv": [9, 3, 6, 0], "texture": "#0"},
				"down": {"uv": [9, 3, 6, 6], "texture": "#0"}
			}
		},
		{
			"from": [0, 5, 1],
			"to": [1, 8, 2],
			"faces": {
				"north": {"uv": [7, 9, 8, 12], "texture": "#0"},
				"east": {"uv": [8, 9, 9, 12], "texture": "#0"},
				"south": {"uv": [9, 8, 10, 11], "texture": "#0"},
				"west": {"uv": [0, 10, 1, 13], "texture": "#0"},
				"up": {"uv": [12, 13, 11, 12], "texture": "#0"},
				"down": {"uv": [13, 11, 12, 12], "texture": "#0"}
			}
		},
		{
			"from": [1, 8, 1],
			"to": [2, 10, 2],
			"faces": {
				"north": {"uv": [11, 8, 12, 10], "texture": "#0"},
				"east": {"uv": [9, 11, 10, 13], "texture": "#0"},
				"south": {"uv": [10, 11, 11, 13], "texture": "#0"},
				"west": {"uv": [11, 10, 12, 12], "texture": "#0"},
				"up": {"uv": [14, 1, 13, 0], "texture": "#0"},
				"down": {"uv": [2, 13, 1, 14], "texture": "#0"}
			}
		},
		{
			"from": [2, 5, 1],
			"to": [3, 8, 2],
			"faces": {
				"north": {"uv": [1, 10, 2, 13], "texture": "#0"},
				"east": {"uv": [2, 10, 3, 13], "texture": "#0"},
				"south": {"uv": [3, 10, 4, 13], "texture": "#0"},
				"west": {"uv": [4, 10, 5, 13], "texture": "#0"},
				"up": {"uv": [13, 13, 12, 12], "texture": "#0"},
				"down": {"uv": [1, 13, 0, 14], "texture": "#0"}
			}
		},
		{
			"from": [1, 5, 0],
			"to": [2, 8, 3],
			"faces": {
				"north": {"uv": [5, 10, 6, 13], "texture": "#0"},
				"east": {"uv": [6, 6, 9, 9], "texture": "#0"},
				"south": {"uv": [10, 5, 11, 8], "texture": "#0"},
				"west": {"uv": [9, 0, 12, 3], "texture": "#0"},
				"up": {"uv": [11, 11, 10, 8], "texture": "#0"},
				"down": {"uv": [12, 5, 11, 8], "texture": "#0"}
			}
		},
		{
			"from": [0, -1, 1],
			"to": [1, 0, 2],
			"faces": {
				"north": {"uv": [12, 0, 13, 1], "texture": "#0"},
				"east": {"uv": [12, 1, 13, 2], "texture": "#0"},
				"south": {"uv": [12, 2, 13, 3], "texture": "#0"},
				"west": {"uv": [12, 3, 13, 4], "texture": "#0"},
				"up": {"uv": [13, 5, 12, 4], "texture": "#0"},
				"down": {"uv": [13, 5, 12, 6], "texture": "#0"}
			}
		},
		{
			"from": [2, -1, 1],
			"to": [3, 0, 2],
			"faces": {
				"north": {"uv": [6, 12, 7, 13], "texture": "#0"},
				"east": {"uv": [12, 6, 13, 7], "texture": "#0"},
				"south": {"uv": [7, 12, 8, 13], "texture": "#0"},
				"west": {"uv": [12, 7, 13, 8], "texture": "#0"},
				"up": {"uv": [9, 13, 8, 12], "texture": "#0"},
				"down": {"uv": [13, 8, 12, 9], "texture": "#0"}
			}
		},
		{
			"from": [1, -1, 0],
			"to": [2, 0, 3],
			"faces": {
				"north": {"uv": [12, 9, 13, 10], "texture": "#0"},
				"east": {"uv": [9, 3, 12, 4], "texture": "#0"},
				"south": {"uv": [12, 10, 13, 11], "texture": "#0"},
				"west": {"uv": [9, 4, 12, 5], "texture": "#0"},
				"up": {"uv": [10, 8, 9, 5], "texture": "#0"},
				"down": {"uv": [7, 9, 6, 12], "texture": "#0"}
			}
		}
	],
	"display": {
		"ground": {
			"translation": [6.75, 7, 6.25]
		}
	}
}