{
	"credit": "Made with Blockbench",
	"texture_size": [128, 128],
	"textures": {
		"0": "item/pistol",
		"particle": "item/pistol"
	},
	"elements": [
		{
			"from": [-14.3125, 26, -4.75],
			"to": [27.75, 31, 1],
			"rotation": {"angle": 0, "axis": "y", "origin": [-4.25, 12.25, 0]},
			"faces": {
				"north": {"uv": [0, 3, 5.25, 3.625], "texture": "#0"},
				"east": {"uv": [5, 6.75, 5.71875, 7.375], "texture": "#0"},
				"south": {"uv": [0, 3.625, 5.25, 4.25], "texture": "#0"},
				"west": {"uv": [5.75, 6.75, 6.46875, 7.375], "texture": "#0"},
				"up": {"uv": [5.25, 0.71875, 0, 0], "texture": "#0"},
				"down": {"uv": [5.25, 0.75, 0, 1.46875], "texture": "#0"}
			}
		},
		{
			"from": [-11.5, 22, -4.25],
			"to": [17.75, 23.25, 0.5],
			"rotation": {"angle": 0, "axis": "y", "origin": [-4.25, 12.25, 0]},
			"faces": {
				"north": {"uv": [6.625, 0.75, 10.28125, 0.90625], "texture": "#0"},
				"east": {"uv": [7.75, 6.375, 8.34375, 6.53125], "texture": "#0"},
				"south": {"uv": [6.625, 1, 10.28125, 1.15625], "texture": "#0"},
				"west": {"uv": [1.75, 7.875, 2.34375, 8.03125], "texture": "#0"},
				"up": {"uv": [8.65625, 2.09375, 5, 1.5], "texture": "#0"},
				"down": {"uv": [8.65625, 2.125, 5, 2.71875], "texture": "#0"}
			}
		},
		{
			"from": [23.5, 22, -4.25],
			"to": [26.75, 23.25, 0.5],
			"rotation": {"angle": 0, "axis": "y", "origin": [-4.25, 12.25, 0]},
			"faces": {
				"north": {"uv": [8, 6, 8.40625, 6.15625], "texture": "#0"},
				"east": {"uv": [7.875, 3.5, 8.46875, 3.65625], "texture": "#0"},
				"south": {"uv": [8, 7.125, 8.40625, 7.28125], "texture": "#0"},
				"west": {"uv": [7.875, 3.75, 8.46875, 3.90625], "texture": "#0"},
				"up": {"uv": [5.40625, 6.59375, 5, 6], "texture": "#0"},
				"down": {"uv": [7.40625, 5.375, 7, 5.96875], "texture": "#0"}
			}
		},
		{
			"from": [20.75, 22, -4.25],
			"to": [22.75, 23.25, 0.5],
			"rotation": {"angle": 0, "axis": "y", "origin": [-4.25, 12.25, 0]},
			"faces": {
				"north": {"uv": [5.25, 8.125, 5.5, 8.28125], "texture": "#0"},
				"east": {"uv": [7.875, 4, 8.46875, 4.15625], "texture": "#0"},
				"south": {"uv": [5.5, 8.125, 5.75, 8.28125], "texture": "#0"},
				"west": {"uv": [5.25, 7.875, 5.84375, 8.03125], "texture": "#0"},
				"up": {"uv": [6.25, 7.96875, 6, 7.375], "texture": "#0"},
				"down": {"uv": [6.5, 7.375, 6.25, 7.96875], "texture": "#0"}
			}
		},
		{
			"from": [18.25, 22, -4.25],
			"to": [20.25, 23.25, 0.5],
			"rotation": {"angle": 0, "axis": "y", "origin": [-4.25, 12.25, 0]},
			"faces": {
				"north": {"uv": [6.5, 8.125, 6.75, 8.28125], "texture": "#0"},
				"east": {"uv": [7.5, 7.875, 8.09375, 8.03125], "texture": "#0"},
				"south": {"uv": [6.75, 8.125, 7, 8.28125], "texture": "#0"},
				"west": {"uv": [0.25, 8, 0.84375, 8.15625], "texture": "#0"},
				"up": {"uv": [7.75, 5.96875, 7.5, 5.375], "texture": "#0"},
				"down": {"uv": [7.75, 6, 7.5, 6.59375], "texture": "#0"}
			}
		},
		{
			"from": [-11.5, 23, -4.75],
			"to": [27.75, 26, 1],
			"rotation": {"angle": 0, "axis": "y", "origin": [-4.25, 12.25, 0]},
			"faces": {
				"north": {"uv": [5.25, 0, 10.15625, 0.375], "texture": "#0"},
				"east": {"uv": [2, 7, 2.71875, 7.375], "texture": "#0"},
				"south": {"uv": [5.25, 0.375, 10.15625, 0.75], "texture": "#0"},
				"west": {"uv": [7, 4.5, 7.71875, 4.875], "texture": "#0"},
				"up": {"uv": [4.90625, 2.21875, 0, 1.5], "texture": "#0"},
				"down": {"uv": [4.90625, 2.25, 0, 2.96875], "texture": "#0"}
			}
		},
		{
			"from": [-11.25, 9.25, -4.5625],
			"to": [-0.25, 25.25, 0.875],
			"rotation": {"angle": -22.5, "axis": "z", "origin": [-4.25, 19.25, 0]},
			"faces": {
				"north": {"uv": [0, 4.25, 1.375, 6.25], "texture": "#0"},
				"east": {"uv": [5.5, 2.75, 6.1875, 4.75], "texture": "#0"},
				"south": {"uv": [1.375, 4.25, 2.75, 6.25], "texture": "#0"},
				"west": {"uv": [5.5, 4.75, 6.1875, 6.75], "texture": "#0"},
				"up": {"uv": [6.625, 1.4375, 5.25, 0.75], "texture": "#0"},
				"down": {"uv": [1.375, 6.25, 0, 6.9375], "texture": "#0"}
			}
		},
		{
			"from": [-0.25, 18, -4.75],
			"to": [1.25, 25.25, 1],
			"rotation": {"angle": -22.5, "axis": "z", "origin": [-4.25, 19.25, 0]},
			"faces": {
				"north": {"uv": [7.25, 7.125, 7.4375, 8.03125], "texture": "#0"},
				"east": {"uv": [6.25, 4.75, 6.96875, 5.65625], "texture": "#0"},
				"south": {"uv": [0, 7.375, 0.1875, 8.28125], "texture": "#0"},
				"west": {"uv": [6.25, 5.75, 6.96875, 6.65625], "texture": "#0"},
				"up": {"uv": [4.6875, 8.34375, 4.5, 7.625], "texture": "#0"},
				"down": {"uv": [4.9375, 7.625, 4.75, 8.34375], "texture": "#0"}
			}
		},
		{
			"from": [11.25, 15.25, -3.25],
			"to": [12.5, 23.25, -0.5],
			"rotation": {"angle": -22.5, "axis": "z", "origin": [12, 15.75, 0]},
			"faces": {
				"north": {"uv": [2.5, 7.375, 2.65625, 8.375], "texture": "#0"},
				"east": {"uv": [6.5, 6.75, 6.84375, 7.75], "texture": "#0"},
				"south": {"uv": [5, 7.375, 5.15625, 8.375], "texture": "#0"},
				"west": {"uv": [6.875, 6.75, 7.21875, 7.75], "texture": "#0"},
				"up": {"uv": [1.53125, 8.46875, 1.375, 8.125], "texture": "#0"},
				"down": {"uv": [1.78125, 8.125, 1.625, 8.46875], "texture": "#0"}
			}
		},
		{
			"from": [7.5, 20.6875, -3.25],
			"to": [11.5, 23.6875, -0.5],
			"rotation": {"angle": -22.5, "axis": "z", "origin": [12, 15.75, 0]},
			"faces": {
				"north": {"uv": [7, 6, 7.5, 6.375], "texture": "#0"},
				"east": {"uv": [3.25, 7.75, 3.59375, 8.125], "texture": "#0"},
				"south": {"uv": [7, 6.375, 7.5, 6.75], "texture": "#0"},
				"west": {"uv": [3.625, 7.75, 3.96875, 8.125], "texture": "#0"},
				"up": {"uv": [5, 7.59375, 4.5, 7.25], "texture": "#0"},
				"down": {"uv": [7.75, 6.75, 7.25, 7.09375], "texture": "#0"}
			}
		},
		{
			"from": [4.75, 15.25, -3.1875],
			"to": [11.75, 16.25, -0.5625],
			"rotation": {"angle": 0, "axis": "y", "origin": [-4.25, 12.25, 0]},
			"faces": {
				"north": {"uv": [7.5, 6.625, 8.375, 6.75], "texture": "#0"},
				"east": {"uv": [5, 6.625, 5.34375, 6.75], "texture": "#0"},
				"south": {"uv": [7.75, 4.75, 8.625, 4.875], "texture": "#0"},
				"west": {"uv": [8, 6.25, 8.34375, 6.375], "texture": "#0"},
				"up": {"uv": [7.875, 3.84375, 7, 3.5], "texture": "#0"},
				"down": {"uv": [7.875, 3.875, 7, 4.21875], "texture": "#0"}
			}
		},
		{
			"from": [-14.75, -0.75, -4.75],
			"to": [-4.25, 13.25, 1],
			"rotation": {"angle": 0, "axis": "y", "origin": [-4.25, 12.25, 0]},
			"faces": {
				"north": {"uv": [2.75, 4.25, 4.0625, 6], "texture": "#0"},
				"east": {"uv": [2.75, 6, 3.46875, 7.75], "texture": "#0"},
				"south": {"uv": [4.125, 4.25, 5.4375, 6], "texture": "#0"},
				"west": {"uv": [3.5, 6, 4.21875, 7.75], "texture": "#0"},
				"up": {"uv": [2.6875, 6.96875, 1.375, 6.25], "texture": "#0"},
				"down": {"uv": [7.5625, 2.75, 6.25, 3.46875], "texture": "#0"}
			}
		},
		{
			"from": [-16, 2, -4.75],
			"to": [-14.75, 11.5, 1],
			"rotation": {"angle": 0, "axis": "y", "origin": [-4.25, 12.25, 0]},
			"faces": {
				"north": {"uv": [5.25, 2.75, 5.40625, 3.9375], "texture": "#0"},
				"east": {"uv": [4.25, 6, 4.96875, 7.1875], "texture": "#0"},
				"south": {"uv": [4.25, 7.25, 4.40625, 8.4375], "texture": "#0"},
				"west": {"uv": [6.25, 3.5, 6.96875, 4.6875], "texture": "#0"},
				"up": {"uv": [4.15625, 8.46875, 4, 7.75], "texture": "#0"},
				"down": {"uv": [7.90625, 5.625, 7.75, 6.34375], "texture": "#0"}
			}
		},
		{
			"from": [24, 30.75, -2.75],
			"to": [26, 31.75, -1],
			"rotation": {"angle": 0, "axis": "y", "origin": [0, -1, 0]},
			"faces": {
				"north": {"uv": [8.125, 7, 8.375, 7.125], "texture": "#0"},
				"east": {"uv": [7.5, 8.125, 7.71875, 8.25], "texture": "#0"},
				"south": {"uv": [7.25, 8.125, 7.5, 8.25], "texture": "#0"},
				"west": {"uv": [7.75, 8.125, 7.96875, 8.25], "texture": "#0"},
				"up": {"uv": [5.25, 2.96875, 5, 2.75], "texture": "#0"},
				"down": {"uv": [5.5, 4, 5.25, 4.21875], "texture": "#0"}
			}
		},
		{
			"from": [-14, 30.75, -2.75],
			"to": [-9.75, 32, -1],
			"rotation": {"angle": 0, "axis": "y", "origin": [0, -1, 0]},
			"faces": {
				"north": {"uv": [8, 1.25, 8.53125, 1.40625], "texture": "#0"},
				"east": {"uv": [8.125, 6.75, 8.34375, 6.90625], "texture": "#0"},
				"south": {"uv": [5.875, 8, 6.40625, 8.15625], "texture": "#0"},
				"west": {"uv": [7, 8.125, 7.21875, 8.28125], "texture": "#0"},
				"up": {"uv": [8.28125, 4.71875, 7.75, 4.5], "texture": "#0"},
				"down": {"uv": [8.28125, 5.375, 7.75, 5.59375], "texture": "#0"}
			}
		},
		{
			"from": [-2, 15.5, -3.25],
			"to": [5.25, 16.75, -0.5],
			"rotation": {"angle": 0, "axis": "y", "origin": [0, -1, 0]},
			"faces": {
				"north": {"uv": [7.625, 3, 8.53125, 3.15625], "texture": "#0"},
				"east": {"uv": [1.875, 8.125, 2.21875, 8.28125], "texture": "#0"},
				"south": {"uv": [7.625, 3.25, 8.53125, 3.40625], "texture": "#0"},
				"west": {"uv": [3.25, 8.125, 3.59375, 8.28125], "texture": "#0"},
				"up": {"uv": [0.90625, 7.34375, 0, 7], "texture": "#0"},
				"down": {"uv": [1.90625, 7, 1, 7.34375], "texture": "#0"}
			}
		},
		{
			"from": [2.25, 17.5, -2.75],
			"to": [4.5, 22.25, -1],
			"faces": {
				"north": {"uv": [0.25, 7.375, 0.53125, 7.96875], "texture": "#0"},
				"east": {"uv": [2.75, 7.75, 2.96875, 8.34375], "texture": "#0"},
				"south": {"uv": [0.625, 7.375, 0.90625, 7.96875], "texture": "#0"},
				"west": {"uv": [3, 7.75, 3.21875, 8.34375], "texture": "#0"},
				"up": {"uv": [8.28125, 7.59375, 8, 7.375], "texture": "#0"},
				"down": {"uv": [8.28125, 7.625, 8, 7.84375], "texture": "#0"}
			}
		},
		{
			"from": [-5.5, 27.5, -0.5],
			"to": [5.1875, 29, 1.25],
			"faces": {
				"north": {"uv": [7, 4.875, 8.34375, 5.0625], "texture": "#0"},
				"east": {"uv": [2.25, 8.125, 2.46875, 8.3125], "texture": "#0"},
				"south": {"uv": [7, 5.125, 8.34375, 5.3125], "texture": "#0"},
				"west": {"uv": [3.625, 8.125, 3.84375, 8.3125], "texture": "#0"},
				"up": {"uv": [7.96875, 1.46875, 6.625, 1.25], "texture": "#0"},
				"down": {"uv": [8.34375, 4.25, 7, 4.46875], "texture": "#0"}
			}
		},
		{
			"from": [-9.25, 23.25, -0.3125],
			"to": [-4.0625, 25.25, 1.4375],
			"faces": {
				"north": {"uv": [1, 7.375, 1.65625, 7.625], "texture": "#0"},
				"east": {"uv": [0.875, 8.125, 1.09375, 8.375], "texture": "#0"},
				"south": {"uv": [1.75, 7.375, 2.40625, 7.625], "texture": "#0"},
				"west": {"uv": [1.125, 8.125, 1.34375, 8.375], "texture": "#0"},
				"up": {"uv": [2.40625, 7.84375, 1.75, 7.625], "texture": "#0"},
				"down": {"uv": [8.28125, 2.75, 7.625, 2.96875], "texture": "#0"}
			}
		},
		{
			"from": [-14, 23.75, -3.75],
			"to": [-11.5, 26.25, 0],
			"faces": {
				"north": {"uv": [6.5, 7.75, 6.8125, 8.0625], "texture": "#0"},
				"east": {"uv": [7.5, 7.125, 7.96875, 7.4375], "texture": "#0"},
				"south": {"uv": [7.75, 6.75, 8.0625, 7.0625], "texture": "#0"},
				"west": {"uv": [7.5, 7.5, 7.96875, 7.8125], "texture": "#0"},
				"up": {"uv": [1.3125, 8.09375, 1, 7.625], "texture": "#0"},
				"down": {"uv": [1.6875, 7.625, 1.375, 8.09375], "texture": "#0"}
			}
		},
		{
			"from": [28, 27.25, -3.5],
			"to": [28.5, 30.5, -0.5],
			"faces": {
				"north": {"uv": [3.875, 8.125, 3.9375, 8.53125], "texture": "#0"},
				"east": {"uv": [5.25, 7.375, 5.625, 7.78125], "texture": "#0"},
				"south": {"uv": [5.75, 8.125, 5.8125, 8.53125], "texture": "#0"},
				"west": {"uv": [5.625, 7.375, 6, 7.78125], "texture": "#0"},
				"up": {"uv": [8.1875, 8.25, 8.125, 7.875], "texture": "#0"},
				"down": {"uv": [8.0625, 8.125, 8, 8.5], "texture": "#0"}
			}
		},
		{
			"from": [28, 24.5, -3.1875],
			"to": [28.25, 26.75, -0.8125],
			"faces": {
				"north": {"uv": [0.5, 8.25, 0.53125, 8.53125], "texture": "#0"},
				"east": {"uv": [6.875, 7.75, 7.1875, 8.03125], "texture": "#0"},
				"south": {"uv": [0.625, 8.25, 0.65625, 8.53125], "texture": "#0"},
				"west": {"uv": [8, 5.625, 8.3125, 5.90625], "texture": "#0"},
				"up": {"uv": [0.28125, 8.5625, 0.25, 8.25], "texture": "#0"},
				"down": {"uv": [0.40625, 8.25, 0.375, 8.5625], "texture": "#0"}
			}
		}
	],
	"display": {
		"thirdperson_righthand": {
			"rotation": [0, 90, 0],
			"translation": [1.75, -1, -0.5],
			"scale": [0.16, 0.16, 0.16]
		},
		"thirdperson_lefthand": {
			"rotation": [0, -90, 0],
			"translation": [-1.25, -1, -0.5],
			"scale": [0.16, 0.16, 0.16]
		},
		"firstperson_righthand": {
			"rotation": [0, 90, 0],
			"translation": [3.25, -0.25, -0.5],
			"scale": [0.16, 0.16, 0.16]
		},
		"firstperson_lefthand": {
			"rotation": [0, -118, 0],
			"translation": [9.5, -1, 0],
			"scale": [0.16, 0.16, 0.16]
		},
		"ground": {
			"translation": [0, -1.5, 2.75],
			"scale": [0.24, 0.24, 0.24]
		},
		"gui": {
			"rotation": [0, 0, 33],
			"translation": [3.25, -1.75, 0],
			"scale": [0.29, 0.29, 0.29]
		},
		"head": {
			"rotation": [0, 90, 0],
			"translation": [40.25, -9.5, -67],
			"scale": [4, 4, 4]
		},
		"fixed": {
			"translation": [1.5, -2.25, 1.25],
			"scale": [0.26, 0.26, 0.26]
		}
	},
	"groups": [
		0,
		1,
		2,
		3,
		4,
		5,
		{
			"name": "group",
			"origin": [0, 0, 0],
			"color": 0,
			"children": [6, 7]
		},
		8,
		9,
		10,
		11,
		12,
		13,
		14,
		15,
		16,
		17,
		18,
		19,
		20,
		21
	]
}