{
	"credit": "Made with Blockbench",
	"texture_size": [64, 64],
	"textures": {
		"0": "item/quartz",
		"particle": "item/quartz"
	},
	"elements": [
		{
			"from": [0, -5.25, 0],
			"to": [2, 11.5, 4],
			"faces": {
				"north": {"uv": [5, 0, 5.5, 4.25], "texture": "#0"},
				"east": {"uv": [4, 0, 5, 4.25], "texture": "#0"},
				"south": {"uv": [5, 4.25, 5.5, 8.5], "texture": "#0"},
				"west": {"uv": [0, 4.25, 1, 8.5], "texture": "#0"},
				"up": {"uv": [8.5, 1, 8, 0], "texture": "#0"},
				"down": {"uv": [8.5, 1, 8, 2], "texture": "#0"}
			}
		},
		{
			"from": [-4, -5.25, -2],
			"to": [0, 11.5, 6],
			"faces": {
				"north": {"uv": [3, 4.25, 4, 8.5], "texture": "#0"},
				"east": {"uv": [0, 0, 2, 4.25], "texture": "#0"},
				"south": {"uv": [4, 4.25, 5, 8.5], "texture": "#0"},
				"west": {"uv": [2, 0, 4, 4.25], "texture": "#0"},
				"up": {"uv": [7, 2, 6, 0], "texture": "#0"},
				"down": {"uv": [7, 2, 6, 4], "texture": "#0"}
			}
		},
		{
			"from": [-4, 12.5, 0],
			"to": [0, 18.5, 4],
			"faces": {
				"north": {"uv": [6, 4, 7, 5.5], "texture": "#0"},
				"east": {"uv": [6, 5.5, 7, 7], "texture": "#0"},
				"south": {"uv": [7, 0, 8, 1.5], "texture": "#0"},
				"west": {"uv": [7, 1.5, 8, 3], "texture": "#0"},
				"up": {"uv": [8, 6, 7, 5], "texture": "#0"},
				"down": {"uv": [7, 7, 6, 8], "texture": "#0"}
			}
		},
		{
			"from": [-3, 19.5, 1],
			"to": [-1, 24.5, 3],
			"faces": {
				"north": {"uv": [7, 6, 7.5, 7.25], "texture": "#0"},
				"east": {"uv": [7, 7.25, 7.5, 8.5], "texture": "#0"},
				"south": {"uv": [7.5, 6, 8, 7.25], "texture": "#0"},
				"west": {"uv": [7.5, 7.25, 8, 8.5], "texture": "#0"},
				"up": {"uv": [3, 9, 2.5, 8.5], "texture": "#0"},
				"down": {"uv": [9, 2.5, 8.5, 3], "texture": "#0"}
			}
		},
		{
			"from": [-4, 18.5, 1],
			"to": [0, 19.5, 3],
			"faces": {
				"north": {"uv": [3, 8.5, 4, 8.75], "texture": "#0"},
				"east": {"uv": [8.5, 3.75, 9, 4], "texture": "#0"},
				"south": {"uv": [8.5, 3, 9.5, 3.25], "texture": "#0"},
				"west": {"uv": [4, 8.5, 4.5, 8.75], "texture": "#0"},
				"up": {"uv": [7, 8.5, 6, 8], "texture": "#0"},
				"down": {"uv": [9, 6, 8, 6.5], "texture": "#0"}
			}
		},
		{
			"from": [-3, 18.5, 0],
			"to": [-1, 19.5, 4],
			"faces": {
				"north": {"uv": [8.5, 4, 9, 4.25], "texture": "#0"},
				"east": {"uv": [8.5, 3.25, 9.5, 3.5], "texture": "#0"},
				"south": {"uv": [8.5, 4.25, 9, 4.5], "texture": "#0"},
				"west": {"uv": [8.5, 3.5, 9.5, 3.75], "texture": "#0"},
				"up": {"uv": [8.5, 7.5, 8, 6.5], "texture": "#0"},
				"down": {"uv": [8.5, 7.5, 8, 8.5], "texture": "#0"}
			}
		},
		{
			"from": [-4, 11.5, 4],
			"to": [0, 12.5, 5],
			"faces": {
				"north": {"uv": [8.5, 0.25, 9.5, 0.5], "texture": "#0"},
				"east": {"uv": [4.5, 8.5, 4.75, 8.75], "texture": "#0"},
				"south": {"uv": [8.5, 0.5, 9.5, 0.75], "texture": "#0"},
				"west": {"uv": [8.5, 4.5, 8.75, 4.75], "texture": "#0"},
				"up": {"uv": [9.5, 1, 8.5, 0.75], "texture": "#0"},
				"down": {"uv": [9.5, 1, 8.5, 1.25], "texture": "#0"}
			}
		},
		{
			"from": [-5, 11.5, 0],
			"to": [1, 12.5, 4],
			"faces": {
				"north": {"uv": [0, 8.5, 1.5, 8.75], "texture": "#0"},
				"east": {"uv": [8.5, 2, 9.5, 2.25], "texture": "#0"},
				"south": {"uv": [8.5, 0, 10, 0.25], "texture": "#0"},
				"west": {"uv": [8.5, 2.25, 9.5, 2.5], "texture": "#0"},
				"up": {"uv": [8.5, 4, 7, 3], "texture": "#0"},
				"down": {"uv": [8.5, 4, 7, 5], "texture": "#0"}
			}
		},
		{
			"from": [-4, 11.5, -1],
			"to": [0, 12.5, 0],
			"faces": {
				"north": {"uv": [8.5, 1.25, 9.5, 1.5], "texture": "#0"},
				"east": {"uv": [4.75, 8.5, 5, 8.75], "texture": "#0"},
				"south": {"uv": [1.5, 8.5, 2.5, 8.75], "texture": "#0"},
				"west": {"uv": [8.5, 4.75, 8.75, 5], "texture": "#0"},
				"up": {"uv": [9.5, 1.75, 8.5, 1.5], "texture": "#0"},
				"down": {"uv": [9.5, 1.75, 8.5, 2], "texture": "#0"}
			}
		},
		{
			"from": [-6, -5.25, 0],
			"to": [-4, 11.5, 4],
			"faces": {
				"north": {"uv": [5.5, 0, 6, 4.25], "texture": "#0"},
				"east": {"uv": [1, 4.25, 2, 8.5], "texture": "#0"},
				"south": {"uv": [5.5, 4.25, 6, 8.5], "texture": "#0"},
				"west": {"uv": [2, 4.25, 3, 8.5], "texture": "#0"},
				"up": {"uv": [8.5, 3, 8, 2], "texture": "#0"},
				"down": {"uv": [8.5, 5, 8, 6], "texture": "#0"}
			}
		}
	]
}