{
	"credit": "Made with Blockbench",
	"texture_size": [64, 64],
	"textures": {
		"0": "item/rifle",
		"particle": "item/rifle"
	},
	"elements": [
		{
			"from": [23.75, 18.75, 0.375],
			"to": [31.75, 19.75, 1.3125],
			"rotation": {"angle": 0, "axis": "y", "origin": [0, 0, 0.125]},
			"faces": {
				"north": {"uv": [4.25, 1.25, 6.25, 1.5], "texture": "#0"},
				"east": {"uv": [4, 2.75, 4.25, 3], "texture": "#0"},
				"south": {"uv": [6, 0.5, 8, 0.75], "texture": "#0"},
				"west": {"uv": [4, 5.5, 4.25, 5.75], "texture": "#0"},
				"up": {"uv": [8, 2.25, 6, 2], "texture": "#0"},
				"down": {"uv": [8, 2.25, 6, 2.5], "texture": "#0"}
			}
		},
		{
			"from": [29.75, 21.5, 0.25],
			"to": [31, 22.5, 1.4375],
			"rotation": {"angle": 0, "axis": "y", "origin": [0, 0, 0.125]},
			"faces": {
				"north": {"uv": [7, 1.25, 7.3125, 1.5], "texture": "#0"},
				"east": {"uv": [7.75, 7.25, 8.0625, 7.5], "texture": "#0"},
				"south": {"uv": [7.75, 7.5, 8.0625, 7.75], "texture": "#0"},
				"west": {"uv": [7.75, 7.75, 8.0625, 8], "texture": "#0"},
				"up": {"uv": [5.8125, 8.0625, 5.5, 7.75], "texture": "#0"},
				"down": {"uv": [7.5625, 7.75, 7.25, 8.0625], "texture": "#0"}
			}
		},
		{
			"from": [11.5625, 18.75, 0.0625],
			"to": [24, 21.125, 1.625],
			"faces": {
				"north": {"uv": [0, 1.5, 3.125, 2.125], "texture": "#0"},
				"east": {"uv": [0, 7.25, 0.375, 7.875], "texture": "#0"},
				"south": {"uv": [0, 2.25, 3.125, 2.875], "texture": "#0"},
				"west": {"uv": [0.5, 7.25, 0.875, 7.875], "texture": "#0"},
				"up": {"uv": [7.375, 1.125, 4.25, 0.75], "texture": "#0"},
				"down": {"uv": [7.375, 2.75, 4.25, 3.125], "texture": "#0"}
			}
		},
		{
			"from": [4.6875, 6.75, 0.5],
			"to": [7.5, 14.375, 1.1875],
			"rotation": {"angle": 22.5, "axis": "z", "origin": [7, 16.5, 0]},
			"faces": {
				"north": {"uv": [2.75, 3.5, 3.4375, 5.4375], "texture": "#0"},
				"east": {"uv": [1.5, 6.75, 1.6875, 8.6875], "texture": "#0"},
				"south": {"uv": [3.5, 3.5, 4.1875, 5.4375], "texture": "#0"},
				"west": {"uv": [1.75, 6.75, 1.9375, 8.6875], "texture": "#0"},
				"up": {"uv": [7.4375, 2.6875, 6.75, 2.5], "texture": "#0"},
				"down": {"uv": [8.1875, 1.75, 7.5, 1.9375], "texture": "#0"}
			}
		},
		{
			"from": [5.6875, 13.5, 0.4375],
			"to": [8.4375, 16.5, 1.25],
			"rotation": {"angle": 0, "axis": "z", "origin": [7, 16.5, 0]},
			"faces": {
				"north": {"uv": [1.75, 4.25, 2.4375, 5], "texture": "#0"},
				"east": {"uv": [2.5, 4.25, 2.6875, 5], "texture": "#0"},
				"south": {"uv": [1.5, 6, 2.1875, 6.75], "texture": "#0"},
				"west": {"uv": [2, 6.75, 2.1875, 7.5], "texture": "#0"},
				"up": {"uv": [8.1875, 3.1875, 7.5, 3], "texture": "#0"},
				"down": {"uv": [8.4375, 0, 7.75, 0.1875], "texture": "#0"}
			}
		},
		{
			"from": [-6.6875, 19.9375, 0.125],
			"to": [-5, 21.1875, 1.5],
			"faces": {
				"north": {"uv": [7.5, 5.25, 7.9375, 5.5625], "texture": "#0"},
				"east": {"uv": [1, 7.75, 1.375, 8.0625], "texture": "#0"},
				"south": {"uv": [7.5, 5.75, 7.9375, 6.0625], "texture": "#0"},
				"west": {"uv": [2.75, 7.75, 3.125, 8.0625], "texture": "#0"},
				"up": {"uv": [1.4375, 7.625, 1, 7.25], "texture": "#0"},
				"down": {"uv": [4.4375, 7.25, 4, 7.625], "texture": "#0"}
			}
		},
		{
			"from": [-5.375, 18.25, 0],
			"to": [11.625, 21.25, 1.6875],
			"faces": {
				"north": {"uv": [0, 0, 4.25, 0.75], "texture": "#0"},
				"east": {"uv": [4.5, 6.75, 4.9375, 7.5], "texture": "#0"},
				"south": {"uv": [0, 0.75, 4.25, 1.5], "texture": "#0"},
				"west": {"uv": [5, 6.75, 5.4375, 7.5], "texture": "#0"},
				"up": {"uv": [4.25, 3.4375, 0, 3], "texture": "#0"},
				"down": {"uv": [7.5, 1.5, 3.25, 1.9375], "texture": "#0"}
			}
		},
		{
			"from": [-15.625, 16.75, 0.125],
			"to": [-9, 19.75, 1.5],
			"faces": {
				"north": {"uv": [0, 4.25, 1.6875, 5], "texture": "#0"},
				"east": {"uv": [6.25, 6.75, 6.625, 7.5], "texture": "#0"},
				"south": {"uv": [4.25, 0, 5.9375, 0.75], "texture": "#0"},
				"west": {"uv": [6.75, 6.75, 7.125, 7.5], "texture": "#0"},
				"up": {"uv": [3.1875, 5.875, 1.5, 5.5], "texture": "#0"},
				"down": {"uv": [4.9375, 5.75, 3.25, 6.125], "texture": "#0"}
			}
		},
		{
			"from": [-16, 18.25, 0.0625],
			"to": [-5.25, 21, 1.5625],
			"rotation": {"angle": 22.5, "axis": "z", "origin": [-5.5, 19.5, 0]},
			"faces": {
				"north": {"uv": [3.25, 2, 5.9375, 2.6875], "texture": "#0"},
				"east": {"uv": [7, 4.25, 7.375, 4.9375], "texture": "#0"},
				"south": {"uv": [0, 3.5, 2.6875, 4.1875], "texture": "#0"},
				"west": {"uv": [7, 5, 7.375, 5.6875], "texture": "#0"},
				"up": {"uv": [6.9375, 4.625, 4.25, 4.25], "texture": "#0"},
				"down": {"uv": [6.9375, 4.75, 4.25, 5.125], "texture": "#0"}
			}
		},
		{
			"from": [-16, 17.25, 0.0625],
			"to": [-11.25, 18.25, 1.5625],
			"rotation": {"angle": 22.5, "axis": "z", "origin": [-5.5, 19.5, 0]},
			"faces": {
				"north": {"uv": [3.25, 6.25, 4.4375, 6.625], "texture": "#0"},
				"east": {"uv": [7.5, 4.75, 7.875, 5.125], "texture": "#0"},
				"south": {"uv": [4.5, 6.25, 5.6875, 6.625], "texture": "#0"},
				"west": {"uv": [5, 7.5, 5.375, 7.875], "texture": "#0"},
				"up": {"uv": [6.9375, 6.625, 5.75, 6.25], "texture": "#0"},
				"down": {"uv": [4.4375, 6.75, 3.25, 7.125], "texture": "#0"}
			}
		},
		{
			"from": [-14, 19.75, 0.125],
			"to": [-7.5, 20, 1.5],
			"faces": {
				"north": {"uv": [7.75, 6.25, 9.375, 6.3125], "texture": "#0"},
				"east": {"uv": [8.25, 0.75, 8.625, 0.8125], "texture": "#0"},
				"south": {"uv": [7.75, 6.5, 9.375, 6.5625], "texture": "#0"},
				"west": {"uv": [1, 8.25, 1.375, 8.3125], "texture": "#0"},
				"up": {"uv": [6.625, 6.125, 5, 5.75], "texture": "#0"},
				"down": {"uv": [7.625, 0, 6, 0.375], "texture": "#0"}
			}
		},
		{
			"from": [-2, 16.875, 0],
			"to": [8.5, 18.25, 1.6875],
			"faces": {
				"north": {"uv": [0, 5, 2.625, 5.375], "texture": "#0"},
				"east": {"uv": [7.25, 7.25, 7.6875, 7.625], "texture": "#0"},
				"south": {"uv": [4.25, 5.25, 6.875, 5.625], "texture": "#0"},
				"west": {"uv": [7.5, 0.75, 7.9375, 1.125], "texture": "#0"},
				"up": {"uv": [6.875, 3.6875, 4.25, 3.25], "texture": "#0"},
				"down": {"uv": [6.875, 3.75, 4.25, 4.1875], "texture": "#0"}
			}
		},
		{
			"from": [5.5, 15.5, 0],
			"to": [8.5, 17, 1.6875],
			"faces": {
				"north": {"uv": [7, 3.25, 7.75, 3.625], "texture": "#0"},
				"east": {"uv": [7.5, 1.25, 7.9375, 1.625], "texture": "#0"},
				"south": {"uv": [7, 3.75, 7.75, 4.125], "texture": "#0"},
				"west": {"uv": [7.5, 2.5, 7.9375, 2.875], "texture": "#0"},
				"up": {"uv": [6.25, 7.1875, 5.5, 6.75], "texture": "#0"},
				"down": {"uv": [7.5, 5.75, 6.75, 6.1875], "texture": "#0"}
			}
		},
		{
			"from": [2.75, 16, 0.5],
			"to": [5.5, 17, 1.1875],
			"faces": {
				"north": {"uv": [6, 2.5, 6.6875, 2.75], "texture": "#0"},
				"east": {"uv": [2, 7.5, 2.1875, 7.75], "texture": "#0"},
				"south": {"uv": [6.25, 1.25, 6.9375, 1.5], "texture": "#0"},
				"west": {"uv": [8, 2.75, 8.1875, 3], "texture": "#0"},
				"up": {"uv": [8.4375, 0.4375, 7.75, 0.25], "texture": "#0"},
				"down": {"uv": [2.6875, 7.75, 2, 7.9375], "texture": "#0"}
			}
		},
		{
			"from": [0.5, 15.3125, 0.5],
			"to": [2.75, 15.6875, 1.1875],
			"faces": {
				"north": {"uv": [8, 1.25, 8.5625, 1.375], "texture": "#0"},
				"east": {"uv": [8.25, 1, 8.4375, 1.125], "texture": "#0"},
				"south": {"uv": [8, 1.5, 8.5625, 1.625], "texture": "#0"},
				"west": {"uv": [8.25, 1.75, 8.4375, 1.875], "texture": "#0"},
				"up": {"uv": [4.0625, 7.9375, 3.5, 7.75], "texture": "#0"},
				"down": {"uv": [8.3125, 4, 7.75, 4.1875], "texture": "#0"}
			}
		},
		{
			"from": [-1.75, 12, 0.3125],
			"to": [0.5, 18.25, 1.4375],
			"rotation": {"angle": -45, "axis": "z", "origin": [-1, 17, 0]},
			"faces": {
				"north": {"uv": [0, 5.5, 0.5625, 7.0625], "texture": "#0"},
				"east": {"uv": [2.25, 6, 2.5625, 7.5625], "texture": "#0"},
				"south": {"uv": [0.75, 5.5, 1.3125, 7.0625], "texture": "#0"},
				"west": {"uv": [2.75, 6, 3.0625, 7.5625], "texture": "#0"},
				"up": {"uv": [6.0625, 7.5625, 5.5, 7.25], "texture": "#0"},
				"down": {"uv": [7.8125, 6.75, 7.25, 7.0625], "texture": "#0"}
			}
		},
		{
			"from": [0.5, 12, 0.3125],
			"to": [1, 13.75, 1.4375],
			"rotation": {"angle": -45, "axis": "z", "origin": [-1, 17, 0]},
			"faces": {
				"north": {"uv": [8, 4.25, 8.125, 4.6875], "texture": "#0"},
				"east": {"uv": [6.25, 7.5, 6.5625, 7.9375], "texture": "#0"},
				"south": {"uv": [4.5, 8, 4.625, 8.4375], "texture": "#0"},
				"west": {"uv": [6.75, 7.5, 7.0625, 7.9375], "texture": "#0"},
				"up": {"uv": [8.125, 5.0625, 8, 4.75], "texture": "#0"},
				"down": {"uv": [5.125, 8, 5, 8.3125], "texture": "#0"}
			}
		},
		{
			"from": [-2.45527, 13.34803, 0.375],
			"to": [-1.95527, 14.66053, 1.375],
			"rotation": {"angle": -22.5, "axis": "z", "origin": [-2.25, 13.25, 0]},
			"faces": {
				"north": {"uv": [0.75, 8, 0.875, 8.5], "texture": "#0"},
				"east": {"uv": [7.5, 4.25, 7.8125, 4.75], "texture": "#0"},
				"south": {"uv": [8, 2.25, 8.125, 2.75], "texture": "#0"},
				"west": {"uv": [4.5, 7.5, 4.8125, 8], "texture": "#0"},
				"up": {"uv": [5.375, 8.3125, 5.25, 8], "texture": "#0"},
				"down": {"uv": [8.125, 5.25, 8, 5.5625], "texture": "#0"}
			}
		},
		{
			"from": [6.75, 21.25, 0.375],
			"to": [9.75, 22.5, 1.3125],
			"rotation": {"angle": 0, "axis": "y", "origin": [0, 0, 0.125]},
			"faces": {
				"north": {"uv": [7, 6.25, 7.75, 6.5625], "texture": "#0"},
				"east": {"uv": [0, 8, 0.25, 8.3125], "texture": "#0"},
				"south": {"uv": [3.25, 7.25, 4, 7.5625], "texture": "#0"},
				"west": {"uv": [0.25, 8, 0.5, 8.3125], "texture": "#0"},
				"up": {"uv": [4, 3, 3.25, 2.75], "texture": "#0"},
				"down": {"uv": [4, 5.5, 3.25, 5.75], "texture": "#0"}
			}
		},
		{
			"from": [23.75, 20.5, 0.625],
			"to": [26, 20.75, 1.0625],
			"rotation": {"angle": 0, "axis": "y", "origin": [0, 0, 0.125]},
			"faces": {
				"north": {"uv": [6.5, 8, 7.0625, 8.0625], "texture": "#0"},
				"east": {"uv": [8.25, 5.25, 8.375, 5.3125], "texture": "#0"},
				"south": {"uv": [8, 6.75, 8.5625, 6.8125], "texture": "#0"},
				"west": {"uv": [5.5, 8.25, 5.625, 8.3125], "texture": "#0"},
				"up": {"uv": [2.5625, 8.125, 2, 8], "texture": "#0"},
				"down": {"uv": [8.5625, 2, 8, 2.125], "texture": "#0"}
			}
		},
		{
			"from": [30.25, 19.75, 0.5],
			"to": [30.75, 21.75, 1.1875],
			"rotation": {"angle": 0, "axis": "y", "origin": [0, 0, 0.125]},
			"faces": {
				"north": {"uv": [8, 3.25, 8.125, 3.75], "texture": "#0"},
				"east": {"uv": [4.25, 7.75, 4.4375, 8.25], "texture": "#0"},
				"south": {"uv": [3.5, 8, 3.625, 8.5], "texture": "#0"},
				"west": {"uv": [6, 7.75, 6.1875, 8.25], "texture": "#0"},
				"up": {"uv": [2.125, 8.4375, 2, 8.25], "texture": "#0"},
				"down": {"uv": [2.375, 8.25, 2.25, 8.4375], "texture": "#0"}
			}
		},
		{
			"from": [29.75, 19.75, 0.5],
			"to": [30.3125, 21, 1.1875],
			"rotation": {"angle": 0, "axis": "y", "origin": [0, 0, 0.125]},
			"faces": {
				"north": {"uv": [8, 5.75, 8.125, 6.0625], "texture": "#0"},
				"east": {"uv": [3.75, 8, 3.9375, 8.3125], "texture": "#0"},
				"south": {"uv": [6.25, 8, 6.375, 8.3125], "texture": "#0"},
				"west": {"uv": [4, 8, 4.1875, 8.3125], "texture": "#0"},
				"up": {"uv": [8.375, 2.4375, 8.25, 2.25], "texture": "#0"},
				"down": {"uv": [2.625, 8.25, 2.5, 8.4375], "texture": "#0"}
			}
		},
		{
			"from": [29.25, 19.25, 0.5],
			"to": [29.75, 21.75, 1.1875],
			"rotation": {"angle": -22.5, "axis": "z", "origin": [30, 19.75, 0.125]},
			"faces": {
				"north": {"uv": [0.5, 8, 0.625, 8.625], "texture": "#0"},
				"east": {"uv": [3.25, 7.75, 3.4375, 8.375], "texture": "#0"},
				"south": {"uv": [8, 0.5, 8.125, 1.125], "texture": "#0"},
				"west": {"uv": [7.75, 3.25, 7.9375, 3.875], "texture": "#0"},
				"up": {"uv": [8.375, 2.6875, 8.25, 2.5], "texture": "#0"},
				"down": {"uv": [2.875, 8.25, 2.75, 8.4375], "texture": "#0"}
			}
		},
		{
			"from": [2.4375, 15.375, 0.5],
			"to": [2.8125, 16.3125, 1.1875],
			"rotation": {"angle": -22.5, "axis": "z", "origin": [2.6875, 15.5, 0]},
			"faces": {
				"north": {"uv": [8, 8, 8.125, 8.25], "texture": "#0"},
				"east": {"uv": [8, 3.75, 8.1875, 4], "texture": "#0"},
				"south": {"uv": [8.25, 0.5, 8.375, 0.75], "texture": "#0"},
				"west": {"uv": [4.75, 8, 4.9375, 8.25], "texture": "#0"},
				"up": {"uv": [8.375, 2.9375, 8.25, 2.75], "texture": "#0"},
				"down": {"uv": [3.125, 8.25, 3, 8.4375], "texture": "#0"}
			}
		},
		{
			"from": [1, 15.8125, 0.75],
			"to": [1.1875, 16.5, 1.1875],
			"rotation": {"angle": -22.5, "axis": "z", "origin": [2.6875, 15.5, 0]},
			"faces": {
				"north": {"uv": [8.25, 4.75, 8.3125, 4.9375], "texture": "#0"},
				"east": {"uv": [8.25, 3, 8.375, 3.1875], "texture": "#0"},
				"south": {"uv": [8.25, 5, 8.3125, 5.1875], "texture": "#0"},
				"west": {"uv": [8.25, 3.25, 8.375, 3.4375], "texture": "#0"},
				"up": {"uv": [8.3125, 5.625, 8.25, 5.5], "texture": "#0"},
				"down": {"uv": [5.8125, 8.25, 5.75, 8.375], "texture": "#0"}
			}
		},
		{
			"from": [-0.125, 15.375, 0.5],
			"to": [0.625, 15.75, 1.1875],
			"rotation": {"angle": -45, "axis": "z", "origin": [0.5, 15.5, 0]},
			"faces": {
				"north": {"uv": [8.25, 3.5, 8.4375, 3.625], "texture": "#0"},
				"east": {"uv": [8.25, 3.75, 8.4375, 3.875], "texture": "#0"},
				"south": {"uv": [4.25, 8.25, 4.4375, 8.375], "texture": "#0"},
				"west": {"uv": [8.25, 4.25, 8.4375, 4.375], "texture": "#0"},
				"up": {"uv": [8.1875, 7.1875, 8, 7], "texture": "#0"},
				"down": {"uv": [7.9375, 8, 7.75, 8.1875], "texture": "#0"}
			}
		},
		{
			"from": [1.25, 15.9375, 0.75],
			"to": [1.4375, 16.4375, 1.1875],
			"rotation": {"angle": 0, "axis": "z", "origin": [2.6875, 15.5, 0]},
			"faces": {
				"north": {"uv": [8.25, 5.75, 8.3125, 5.875], "texture": "#0"},
				"east": {"uv": [8.25, 4.5, 8.375, 4.625], "texture": "#0"},
				"south": {"uv": [6, 8.25, 6.0625, 8.375], "texture": "#0"},
				"west": {"uv": [4.75, 8.25, 4.875, 8.375], "texture": "#0"},
				"up": {"uv": [8.3125, 6.125, 8.25, 6], "texture": "#0"},
				"down": {"uv": [6.5625, 8.25, 6.5, 8.375], "texture": "#0"}
			}
		}
	],
	"display": {
		"thirdperson_righthand": {
			"rotation": [2, 90, 0],
			"translation": [3.25, -3.75, -1.5],
			"scale": [0.44, 0.44, 0.44]
		},
		"thirdperson_lefthand": {
			"rotation": [2, -90, 0],
			"translation": [-3, -3.75, -2.25],
			"scale": [0.44, 0.44, 0.44]
		},
		"firstperson_righthand": {
			"rotation": [2, 90, 0],
			"translation": [3.25, -3.75, -1.5],
			"scale": [0.44, 0.44, 0.44]
		},
		"firstperson_lefthand": {
			"rotation": [2, -120, 0],
			"translation": [9.5, -3.5, -2.75],
			"scale": [0.44, 0.44, 0.44]
		},
		"ground": {
			"translation": [1.75, -3, 4.5],
			"scale": [0.59, 0.59, 0.59]
		},
		"gui": {
			"rotation": [2, 0, 39],
			"translation": [3, -3.25, 0],
			"scale": [0.41, 0.41, 0.41]
		},
		"head": {
			"rotation": [0, -57, 0],
			"translation": [-9.75, -1.25, 0],
			"scale": [0.15, 0.15, 0.15]
		},
		"fixed": {
			"translation": [0.75, -7.5, 4.75],
			"scale": [0.85, 0.85, 0.85]
		}
	},
	"groups": [
		0,
		1,
		2,
		3,
		4,
		5,
		6,
		7,
		{
			"name": "group",
			"origin": [-5.5, 19.5, 0],
			"color": 0,
			"children": [8, 9]
		},
		10,
		11,
		12,
		13,
		14,
		{
			"name": "group",
			"origin": [0, 0, 0],
			"color": 0,
			"children": [
				15,
				16,
				{
					"name": "group",
					"origin": [-1, 17, 0],
					"color": 0,
					"children": [17]
				}
			]
		},
		18,
		19,
		20,
		21,
		{
			"name": "group",
			"origin": [0, 0, 0],
			"color": 0,
			"children": [22]
		},
		{
			"name": "group",
			"origin": [0, 0, 0],
			"color": 0,
			"children": [23, 24]
		},
		{
			"name": "group",
			"origin": [0, 0, 0],
			"color": 0,
			"children": [25]
		},
		26
	]
}