{
	"credit": "Made with Blockbench",
	"texture_size": [64, 64],
	"textures": {
		"0": "item/rocket_launcher",
		"particle": "item/rocket_launcher"
	},
	"elements": [
		{
			"from": [-0.8125, -0.125, 9],
			"to": [1.0625, 1.25, 19.75],
			"faces": {
				"north": {"uv": [3.5, 10.5, 4, 10.875], "texture": "#0"},
				"east": {"uv": [1, 1.5, 3.6875, 1.875], "texture": "#0"},
				"south": {"uv": [10.5, 3.75, 11, 4.125], "texture": "#0"},
				"west": {"uv": [1, 2, 3.6875, 2.375], "texture": "#0"},
				"up": {"uv": [0.5, 2.6875, 0, 0], "texture": "#0"},
				"down": {"uv": [1, 0, 0.5, 2.6875], "texture": "#0"}
			}
		},
		{
			"from": [-0.75, -0.875, 11.8125],
			"to": [1, -0.125, 13.9375],
			"faces": {
				"north": {"uv": [7.25, 5.25, 7.6875, 5.4375], "texture": "#0"},
				"east": {"uv": [7, 3.5, 7.5625, 3.6875], "texture": "#0"},
				"south": {"uv": [7.75, 7.25, 8.1875, 7.4375], "texture": "#0"},
				"west": {"uv": [8, 4, 8.5625, 4.1875], "texture": "#0"},
				"up": {"uv": [3.4375, 10.3125, 3, 9.75], "texture": "#0"},
				"down": {"uv": [3.9375, 9.75, 3.5, 10.3125], "texture": "#0"}
			}
		},
		{
			"from": [-0.75, -0.4375, 4.375],
			"to": [1, 1.625, 9],
			"faces": {
				"north": {"uv": [5, 10, 5.4375, 10.5], "texture": "#0"},
				"east": {"uv": [4.5, 2, 5.6875, 2.5], "texture": "#0"},
				"south": {"uv": [10, 5.25, 10.4375, 5.75], "texture": "#0"},
				"west": {"uv": [4.5, 2.5, 5.6875, 3], "texture": "#0"},
				"up": {"uv": [2.9375, 5.9375, 2.5, 4.75], "texture": "#0"},
				"down": {"uv": [5.4375, 0, 5, 1.1875], "texture": "#0"}
			}
		},
		{
			"from": [-0.3125, 1.875, 5.375],
			"to": [0.5625, 2.4375, 7.9375],
			"faces": {
				"north": {"uv": [8.25, 7.75, 8.5, 7.875], "texture": "#0"},
				"east": {"uv": [11.25, 11, 11.875, 11.125], "texture": "#0"},
				"south": {"uv": [9.25, 4.5, 9.5, 4.625], "texture": "#0"},
				"west": {"uv": [11.5, 3.75, 12.125, 3.875], "texture": "#0"},
				"up": {"uv": [0.75, 11.625, 0.5, 11], "texture": "#0"},
				"down": {"uv": [1, 11, 0.75, 11.625], "texture": "#0"}
			}
		},
		{
			"from": [-0.5, -3.0625, 11.8125],
			"to": [0.75, -0.875, 12.25],
			"faces": {
				"north": {"uv": [10.5, 6.25, 10.8125, 6.8125], "texture": "#0"},
				"east": {"uv": [4.5, 11.5, 4.625, 12.0625], "texture": "#0"},
				"south": {"uv": [6.5, 10.5, 6.8125, 11.0625], "texture": "#0"},
				"west": {"uv": [4.75, 11.5, 4.875, 12.0625], "texture": "#0"},
				"up": {"uv": [11.8125, 7.125, 11.5, 7], "texture": "#0"},
				"down": {"uv": [11.8125, 7.25, 11.5, 7.375], "texture": "#0"}
			}
		},
		{
			"from": [-0.125, -1.6875, 13.8125],
			"to": [0.375, -0.875, 13.9375],
			"rotation": {"angle": 0, "axis": "y", "origin": [-0.125, 0, 0]},
			"faces": {
				"north": {"uv": [9.5, 1, 9.625, 1.1875], "texture": "#0"},
				"east": {"uv": [11.75, 1.5, 11.8125, 1.6875], "texture": "#0"},
				"south": {"uv": [9.5, 6.5, 9.625, 6.6875], "texture": "#0"},
				"west": {"uv": [11.75, 1.75, 11.8125, 1.9375], "texture": "#0"},
				"up": {"uv": [6.125, 11.8125, 6, 11.75], "texture": "#0"},
				"down": {"uv": [6.375, 11.75, 6.25, 11.8125], "texture": "#0"}
			}
		},
		{
			"from": [-0.125, -2.1875, 13.8125],
			"to": [0.375, -1.6875, 13.9375],
			"rotation": {"angle": 22.5, "axis": "x", "origin": [-0.125, -1.6875, 13.875]},
			"faces": {
				"north": {"uv": [10.25, 2.25, 10.375, 2.375], "texture": "#0"},
				"east": {"uv": [6.5, 11.75, 6.5625, 11.875], "texture": "#0"},
				"south": {"uv": [10.25, 7, 10.375, 7.125], "texture": "#0"},
				"west": {"uv": [6.75, 11.75, 6.8125, 11.875], "texture": "#0"},
				"up": {"uv": [7.125, 11.8125, 7, 11.75], "texture": "#0"},
				"down": {"uv": [7.375, 11.75, 7.25, 11.8125], "texture": "#0"}
			}
		},
		{
			"from": [0, -1.25, 12.8125],
			"to": [0.25, -0.6875, 12.9375],
			"rotation": {"angle": -45, "axis": "x", "origin": [-0.125, -1.6875, 13.875]},
			"faces": {
				"north": {"uv": [7.5, 11.75, 7.5625, 11.875], "texture": "#0"},
				"east": {"uv": [7.75, 11.75, 7.8125, 11.875], "texture": "#0"},
				"south": {"uv": [8, 11.75, 8.0625, 11.875], "texture": "#0"},
				"west": {"uv": [8.25, 11.75, 8.3125, 11.875], "texture": "#0"},
				"up": {"uv": [9.5625, 11.8125, 9.5, 11.75], "texture": "#0"},
				"down": {"uv": [11.8125, 9.5, 11.75, 9.5625], "texture": "#0"}
			}
		},
		{
			"from": [-0.125, -2.16939, 11.22119],
			"to": [0.375, -2.04439, 13.78369],
			"rotation": {"angle": -22.5, "axis": "x", "origin": [-0.125, -2.1875, 13.6875]},
			"faces": {
				"north": {"uv": [8.5, 11.75, 8.625, 11.8125], "texture": "#0"},
				"east": {"uv": [11.5, 7.5, 12.125, 7.5625], "texture": "#0"},
				"south": {"uv": [11.75, 8.5, 11.875, 8.5625], "texture": "#0"},
				"west": {"uv": [11.5, 7.75, 12.125, 7.8125], "texture": "#0"},
				"up": {"uv": [11.625, 4.625, 11.5, 4], "texture": "#0"},
				"down": {"uv": [4.375, 11.5, 4.25, 12.125], "texture": "#0"}
			}
		},
		{
			"from": [-0.6875, -0.8125, 9.8125],
			"to": [0.9375, -0.125, 10.25],
			"faces": {
				"north": {"uv": [8.5, 2.75, 8.9375, 2.9375], "texture": "#0"},
				"east": {"uv": [9.75, 2.5, 9.875, 2.6875], "texture": "#0"},
				"south": {"uv": [8.5, 8.25, 8.9375, 8.4375], "texture": "#0"},
				"west": {"uv": [10, 0.75, 10.125, 0.9375], "texture": "#0"},
				"up": {"uv": [10.4375, 3.375, 10, 3.25], "texture": "#0"},
				"down": {"uv": [10.4375, 6.25, 10, 6.375], "texture": "#0"}
			}
		},
		{
			"from": [-0.75, 1.75, 3.8125],
			"to": [1, 2.1875, 4.0625],
			"faces": {
				"north": {"uv": [10.75, 10, 11.1875, 10.125], "texture": "#0"},
				"east": {"uv": [8.75, 11.75, 8.8125, 11.875], "texture": "#0"},
				"south": {"uv": [11.5, 4.75, 11.9375, 4.875], "texture": "#0"},
				"west": {"uv": [11.75, 8.75, 11.8125, 8.875], "texture": "#0"},
				"up": {"uv": [8.4375, 11.5625, 8, 11.5], "texture": "#0"},
				"down": {"uv": [11.9375, 8, 11.5, 8.0625], "texture": "#0"}
			}
		},
		{
			"from": [-0.75, 1.375, -4.75],
			"to": [1, 1.8125, -4.375],
			"faces": {
				"north": {"uv": [5, 11.5, 5.4375, 11.625], "texture": "#0"},
				"east": {"uv": [10.5, 0.5, 10.625, 0.625], "texture": "#0"},
				"south": {"uv": [11.5, 5, 11.9375, 5.125], "texture": "#0"},
				"west": {"uv": [8.75, 10.5, 8.875, 10.625], "texture": "#0"},
				"up": {"uv": [11.9375, 5.375, 11.5, 5.25], "texture": "#0"},
				"down": {"uv": [5.9375, 11.5, 5.5, 11.625], "texture": "#0"}
			}
		},
		{
			"from": [-0.75, 1.375, -9.5],
			"to": [1, 1.8125, -9.125],
			"faces": {
				"north": {"uv": [11.5, 5.5, 11.9375, 5.625], "texture": "#0"},
				"east": {"uv": [10.5, 9.5, 10.625, 9.625], "texture": "#0"},
				"south": {"uv": [11.5, 5.75, 11.9375, 5.875], "texture": "#0"},
				"west": {"uv": [10.75, 2, 10.875, 2.125], "texture": "#0"},
				"up": {"uv": [11.9375, 6.125, 11.5, 6], "texture": "#0"},
				"down": {"uv": [11.9375, 6.25, 11.5, 6.375], "texture": "#0"}
			}
		},
		{
			"from": [-0.75, -0.75, -3],
			"to": [1, 1.75, 4.375],
			"faces": {
				"north": {"uv": [2.5, 9.5, 2.9375, 10.125], "texture": "#0"},
				"east": {"uv": [1, 0, 2.875, 0.625], "texture": "#0"},
				"south": {"uv": [9.5, 2.75, 9.9375, 3.375], "texture": "#0"},
				"west": {"uv": [1, 0.75, 2.875, 1.375], "texture": "#0"},
				"up": {"uv": [1.9375, 5.375, 1.5, 3.5], "texture": "#0"},
				"down": {"uv": [3.9375, 2.5, 3.5, 4.375], "texture": "#0"}
			}
		},
		{
			"from": [-0.3125, 1.625, 7.25],
			"to": [0.5625, 1.875, 7.875],
			"faces": {
				"north": {"uv": [8.5, 11, 8.75, 11.0625], "texture": "#0"},
				"east": {"uv": [2, 11.75, 2.1875, 11.8125], "texture": "#0"},
				"south": {"uv": [11.75, 1, 12, 1.0625], "texture": "#0"},
				"west": {"uv": [2.25, 11.75, 2.4375, 11.8125], "texture": "#0"},
				"up": {"uv": [1, 2.9375, 0.75, 2.75], "texture": "#0"},
				"down": {"uv": [4, 2, 3.75, 2.1875], "texture": "#0"}
			}
		},
		{
			"from": [-0.75, -2.5, 9.75],
			"to": [1, -2.3125, 10.25],
			"faces": {
				"north": {"uv": [11.5, 8.25, 11.9375, 8.3125], "texture": "#0"},
				"east": {"uv": [9, 11.75, 9.125, 11.8125], "texture": "#0"},
				"south": {"uv": [11.5, 11.25, 11.9375, 11.3125], "texture": "#0"},
				"west": {"uv": [11.75, 9, 11.875, 9.0625], "texture": "#0"},
				"up": {"uv": [11.9375, 6.625, 11.5, 6.5], "texture": "#0"},
				"down": {"uv": [11.9375, 6.75, 11.5, 6.875], "texture": "#0"}
			}
		},
		{
			"from": [-0.125, -2, 12.25],
			"to": [0.375, -0.875, 12.5],
			"rotation": {"angle": 0, "axis": "y", "origin": [-0.125, 0, 0]},
			"faces": {
				"north": {"uv": [1.75, 5.5, 1.875, 5.8125], "texture": "#0"},
				"east": {"uv": [11.75, 0.5, 11.8125, 0.8125], "texture": "#0"},
				"south": {"uv": [5, 7.25, 5.125, 7.5625], "texture": "#0"},
				"west": {"uv": [1, 11.75, 1.0625, 12.0625], "texture": "#0"},
				"up": {"uv": [9.375, 11.8125, 9.25, 11.75], "texture": "#0"},
				"down": {"uv": [11.875, 9.25, 11.75, 9.3125], "texture": "#0"}
			}
		},
		{
			"from": [-0.75, -1.5, 9.9375],
			"to": [1, -1.375, 10.5625],
			"rotation": {"angle": -22.5, "axis": "x", "origin": [0, -1.8125, 10]},
			"faces": {
				"north": {"uv": [11.5, 11.5, 11.9375, 11.5625], "texture": "#0"},
				"east": {"uv": [2.5, 11.75, 2.6875, 11.8125], "texture": "#0"},
				"south": {"uv": [0.5, 11.75, 0.9375, 11.8125], "texture": "#0"},
				"west": {"uv": [2.75, 11.75, 2.9375, 11.8125], "texture": "#0"},
				"up": {"uv": [9.1875, 4.6875, 8.75, 4.5], "texture": "#0"},
				"down": {"uv": [10.1875, 7, 9.75, 7.1875], "texture": "#0"}
			}
		},
		{
			"from": [-0.3125, 1.625, 5.4375],
			"to": [0.5625, 1.875, 6.0625],
			"faces": {
				"north": {"uv": [1.25, 11.75, 1.5, 11.8125], "texture": "#0"},
				"east": {"uv": [11.75, 3, 11.9375, 3.0625], "texture": "#0"},
				"south": {"uv": [11.75, 1.25, 12, 1.3125], "texture": "#0"},
				"west": {"uv": [11.75, 3.25, 11.9375, 3.3125], "texture": "#0"},
				"up": {"uv": [4, 2.4375, 3.75, 2.25], "texture": "#0"},
				"down": {"uv": [5, 1, 4.75, 1.1875], "texture": "#0"}
			}
		},
		{
			"from": [-0.25, 1.5, 15],
			"to": [0.5, 2.3125, 17.625],
			"faces": {
				"north": {"uv": [6.75, 3, 6.9375, 3.1875], "texture": "#0"},
				"east": {"uv": [0, 2.75, 0.6875, 2.9375], "texture": "#0"},
				"south": {"uv": [6.25, 6.75, 6.4375, 6.9375], "texture": "#0"},
				"west": {"uv": [4.75, 1.25, 5.4375, 1.4375], "texture": "#0"},
				"up": {"uv": [3.1875, 12.1875, 3, 11.5], "texture": "#0"},
				"down": {"uv": [11.6875, 3, 11.5, 3.6875], "texture": "#0"}
			}
		},
		{
			"from": [-0.25, 1.25, 16.875],
			"to": [0.5, 1.5, 17.5625],
			"faces": {
				"north": {"uv": [11.75, 3.5, 11.9375, 3.5625], "texture": "#0"},
				"east": {"uv": [11.75, 4, 11.9375, 4.0625], "texture": "#0"},
				"south": {"uv": [11.75, 4.25, 11.9375, 4.3125], "texture": "#0"},
				"west": {"uv": [11.75, 4.5, 11.9375, 4.5625], "texture": "#0"},
				"up": {"uv": [7.9375, 3.6875, 7.75, 3.5], "texture": "#0"},
				"down": {"uv": [6.1875, 7.75, 6, 7.9375], "texture": "#0"}
			}
		},
		{
			"from": [-0.25, 1.25, 15.0625],
			"to": [0.5, 1.5, 15.75],
			"faces": {
				"north": {"uv": [5, 11.75, 5.1875, 11.8125], "texture": "#0"},
				"east": {"uv": [5.25, 11.75, 5.4375, 11.8125], "texture": "#0"},
				"south": {"uv": [5.5, 11.75, 5.6875, 11.8125], "texture": "#0"},
				"west": {"uv": [5.75, 11.75, 5.9375, 11.8125], "texture": "#0"},
				"up": {"uv": [6.6875, 8.1875, 6.5, 8], "texture": "#0"},
				"down": {"uv": [6.6875, 8.25, 6.5, 8.4375], "texture": "#0"}
			}
		},
		{
			"from": [-0.8125, -0.375, -10.75],
			"to": [1.0625, 1.375, -3.8125],
			"faces": {
				"north": {"uv": [6.5, 10, 7, 10.4375], "texture": "#0"},
				"east": {"uv": [3, 1, 4.75, 1.4375], "texture": "#0"},
				"south": {"uv": [7, 10, 7.5, 10.4375], "texture": "#0"},
				"west": {"uv": [3.75, 1.5, 5.5, 1.9375], "texture": "#0"},
				"up": {"uv": [2.5, 4.75, 2, 3], "texture": "#0"},
				"down": {"uv": [3, 3, 2.5, 4.75], "texture": "#0"}
			}
		},
		{
			"from": [-0.75, -0.375, -15.75],
			"to": [1, 1.375, -10.75],
			"faces": {
				"north": {"uv": [3, 10.5, 3.4375, 10.9375], "texture": "#0"},
				"east": {"uv": [4.5, 3, 5.75, 3.4375], "texture": "#0"},
				"south": {"uv": [10.5, 3.25, 10.9375, 3.6875], "texture": "#0"},
				"west": {"uv": [4.5, 3.5, 5.75, 3.9375], "texture": "#0"},
				"up": {"uv": [3.4375, 5.75, 3, 4.5], "texture": "#0"},
				"down": {"uv": [3.9375, 4.5, 3.5, 5.75], "texture": "#0"}
			}
		},
		{
			"from": [-1.875, -0.375, -15.75],
			"to": [-0.75, 1.375, -13.4375],
			"rotation": {"angle": 0, "axis": "z", "origin": [0.625, 0.375, -13]},
			"faces": {
				"north": {"uv": [11, 2, 11.3125, 2.4375], "texture": "#0"},
				"east": {"uv": [9.75, 4, 10.3125, 4.4375], "texture": "#0"},
				"south": {"uv": [11, 2.5, 11.3125, 2.9375], "texture": "#0"},
				"west": {"uv": [9.75, 6.5, 10.3125, 6.9375], "texture": "#0"},
				"up": {"uv": [7.3125, 11.0625, 7, 10.5], "texture": "#0"},
				"down": {"uv": [10.8125, 7, 10.5, 7.5625], "texture": "#0"}
			}
		},
		{
			"from": [-1.48886, -0.375, -14.44466],
			"to": [-0.36386, 1.375, -11.13216],
			"rotation": {"angle": 22.5, "axis": "y", "origin": [0.625, 0.375, -13]},
			"faces": {
				"north": {"uv": [3, 11, 3.3125, 11.4375], "texture": "#0"},
				"east": {"uv": [8.75, 4, 9.5625, 4.4375], "texture": "#0"},
				"south": {"uv": [11, 3, 11.3125, 3.4375], "texture": "#0"},
				"west": {"uv": [8.75, 6.75, 9.5625, 7.1875], "texture": "#0"},
				"up": {"uv": [4.3125, 10.3125, 4, 9.5], "texture": "#0"},
				"down": {"uv": [4.8125, 9.5, 4.5, 10.3125], "texture": "#0"}
			}
		},
		{
			"from": [0.61386, -0.375, -14.44466],
			"to": [1.73886, 1.375, -11.13216],
			"rotation": {"angle": -22.5, "axis": "y", "origin": [-0.375, 0.625, -13]},
			"faces": {
				"north": {"uv": [3.5, 11, 3.8125, 11.4375], "texture": "#0"},
				"east": {"uv": [6.5, 9, 7.3125, 9.4375], "texture": "#0"},
				"south": {"uv": [11, 3.5, 11.3125, 3.9375], "texture": "#0"},
				"west": {"uv": [7.5, 9, 8.3125, 9.4375], "texture": "#0"},
				"up": {"uv": [9.8125, 5.3125, 9.5, 4.5], "texture": "#0"},
				"down": {"uv": [9.8125, 5.5, 9.5, 6.3125], "texture": "#0"}
			}
		},
		{
			"from": [1, -0.375, -15.75],
			"to": [2.125, 1.375, -13.4375],
			"rotation": {"angle": 0, "axis": "z", "origin": [-0.375, 0.625, -13]},
			"faces": {
				"north": {"uv": [4, 11, 4.3125, 11.4375], "texture": "#0"},
				"east": {"uv": [9.75, 7.75, 10.3125, 8.1875], "texture": "#0"},
				"south": {"uv": [11, 4, 11.3125, 4.4375], "texture": "#0"},
				"west": {"uv": [9.5, 9.75, 10.0625, 10.1875], "texture": "#0"},
				"up": {"uv": [7.8125, 11.0625, 7.5, 10.5], "texture": "#0"},
				"down": {"uv": [10.8125, 7.75, 10.5, 8.3125], "texture": "#0"}
			}
		},
		{
			"from": [-0.75, -1.4375, -14.6875],
			"to": [1, -0.3125, -11.375],
			"rotation": {"angle": -22.5, "axis": "x", "origin": [0, 1.6875, -14]},
			"faces": {
				"north": {"uv": [4.5, 11, 4.9375, 11.3125], "texture": "#0"},
				"east": {"uv": [9.5, 3.5, 10.3125, 3.8125], "texture": "#0"},
				"south": {"uv": [11, 4.5, 11.4375, 4.8125], "texture": "#0"},
				"west": {"uv": [6.5, 9.5, 7.3125, 9.8125], "texture": "#0"},
				"up": {"uv": [9.4375, 9.0625, 9, 8.25], "texture": "#0"},
				"down": {"uv": [8.9375, 9, 8.5, 9.8125], "texture": "#0"}
			}
		},
		{
			"from": [-0.75, -1.5, -15.75],
			"to": [1, -0.375, -13.4375],
			"faces": {
				"north": {"uv": [5, 11, 5.4375, 11.3125], "texture": "#0"},
				"east": {"uv": [8, 10.5, 8.5625, 10.8125], "texture": "#0"},
				"south": {"uv": [11, 5, 11.4375, 5.3125], "texture": "#0"},
				"west": {"uv": [10.5, 8.5, 11.0625, 8.8125], "texture": "#0"},
				"up": {"uv": [10.4375, 0.5625, 10, 0], "texture": "#0"},
				"down": {"uv": [1.4375, 10, 1, 10.5625], "texture": "#0"}
			}
		},
		{
			"from": [-0.6875, 0.75, -4.875],
			"to": [0.9375, 1.75, -2.875],
			"rotation": {"angle": -22.5, "axis": "x", "origin": [0, 1.5, -3]},
			"faces": {
				"north": {"uv": [5, 6.5, 5.4375, 6.75], "texture": "#0"},
				"east": {"uv": [5.75, 3.75, 6.25, 4], "texture": "#0"},
				"south": {"uv": [6.75, 5.25, 7.1875, 5.5], "texture": "#0"},
				"west": {"uv": [6.25, 3.75, 6.75, 4], "texture": "#0"},
				"up": {"uv": [7.9375, 10.5, 7.5, 10], "texture": "#0"},
				"down": {"uv": [8.4375, 10, 8, 10.5], "texture": "#0"}
			}
		},
		{
			"from": [-0.6875, -0.5625, -4.0625],
			"to": [0.9375, 0.75, -2.0625],
			"rotation": {"angle": 22.5, "axis": "x", "origin": [0, 1.5, -3]},
			"faces": {
				"north": {"uv": [6, 11.25, 6.4375, 11.5625], "texture": "#0"},
				"east": {"uv": [11, 0, 11.5, 0.3125], "texture": "#0"},
				"south": {"uv": [6.5, 11.25, 6.9375, 11.5625], "texture": "#0"},
				"west": {"uv": [1.5, 11, 2, 11.3125], "texture": "#0"},
				"up": {"uv": [10.4375, 9.25, 10, 8.75], "texture": "#0"},
				"down": {"uv": [10.4375, 9.25, 10, 9.75], "texture": "#0"}
			}
		},
		{
			"from": [-0.75, 2.18659, 19.96068],
			"to": [1, 3.49909, 24.58568],
			"rotation": {"angle": -22.5, "axis": "x", "origin": [0.0625, 0.5625, 25.3125]},
			"faces": {
				"north": {"uv": [7, 11.25, 7.4375, 11.5625], "texture": "#0"},
				"east": {"uv": [8.5, 1.25, 9.6875, 1.5625], "texture": "#0"},
				"south": {"uv": [7.5, 11.25, 7.9375, 11.5625], "texture": "#0"},
				"west": {"uv": [8.5, 1.75, 9.6875, 2.0625], "texture": "#0"},
				"up": {"uv": [3.9375, 6.9375, 3.5, 5.75], "texture": "#0"},
				"down": {"uv": [0.9375, 6, 0.5, 7.1875], "texture": "#0"}
			}
		},
		{
			"from": [-0.75, 2.07964, 25.78714],
			"to": [1, 3.39214, 30.41214],
			"rotation": {"angle": 22.5, "axis": "x", "origin": [0.0625, 0.5625, 25.3125]},
			"faces": {
				"north": {"uv": [8.5, 11.25, 8.9375, 11.5625], "texture": "#0"},
				"east": {"uv": [8.5, 2.25, 9.6875, 2.5625], "texture": "#0"},
				"south": {"uv": [11.25, 8.5, 11.6875, 8.8125], "texture": "#0"},
				"west": {"uv": [6.5, 8.5, 7.6875, 8.8125], "texture": "#0"},
				"up": {"uv": [1.4375, 7.1875, 1, 6], "texture": "#0"},
				"down": {"uv": [1.9375, 6, 1.5, 7.1875], "texture": "#0"}
			}
		},
		{
			"from": [-0.75, 0.9375, 23.5],
			"to": [1, 3, 26.875],
			"rotation": {"angle": 0, "axis": "z", "origin": [0.0625, 0.5625, 25.3125]},
			"faces": {
				"north": {"uv": [10.25, 1.75, 10.6875, 2.25], "texture": "#0"},
				"east": {"uv": [7.25, 7.5, 8.125, 8], "texture": "#0"},
				"south": {"uv": [2, 10.25, 2.4375, 10.75], "texture": "#0"},
				"west": {"uv": [0, 7.75, 0.875, 8.25], "texture": "#0"},
				"up": {"uv": [8.1875, 6.625, 7.75, 5.75], "texture": "#0"},
				"down": {"uv": [8.4375, 0, 8, 0.875], "texture": "#0"}
			}
		},
		{
			"from": [-0.75, -1.625, 23.5],
			"to": [1, 0.4375, 26.875],
			"rotation": {"angle": 0, "axis": "z", "origin": [0, 1.1875, 0]},
			"faces": {
				"north": {"uv": [2.5, 10.25, 2.9375, 10.75], "texture": "#0"},
				"east": {"uv": [4, 7.75, 4.875, 8.25], "texture": "#0"},
				"south": {"uv": [6, 10.25, 6.4375, 10.75], "texture": "#0"},
				"west": {"uv": [7.75, 4.25, 8.625, 4.75], "texture": "#0"},
				"up": {"uv": [8.4375, 1.875, 8, 1], "texture": "#0"},
				"down": {"uv": [8.4375, 2, 8, 2.875], "texture": "#0"}
			}
		},
		{
			"from": [-0.75, 8.625, 17.375],
			"to": [1, 9.9375, 22],
			"rotation": {"angle": 22.5, "axis": "x", "origin": [0, -0.3125, -3]},
			"faces": {
				"north": {"uv": [9, 11.25, 9.4375, 11.5625], "texture": "#0"},
				"east": {"uv": [7.75, 8.5, 8.9375, 8.8125], "texture": "#0"},
				"south": {"uv": [11.25, 9, 11.6875, 9.3125], "texture": "#0"},
				"west": {"uv": [8.5, 7.75, 9.6875, 8.0625], "texture": "#0"},
				"up": {"uv": [2.9375, 7.1875, 2.5, 6], "texture": "#0"},
				"down": {"uv": [6.4375, 5.5, 6, 6.6875], "texture": "#0"}
			}
		},
		{
			"from": [-0.75, -12.9375, 24.0625],
			"to": [1, -11.5625, 28.6875],
			"rotation": {"angle": -22.5, "axis": "x", "origin": [0, -0.3125, -3]},
			"faces": {
				"north": {"uv": [6, 10.75, 6.4375, 11.125], "texture": "#0"},
				"east": {"uv": [6.75, 3.75, 7.9375, 4.125], "texture": "#0"},
				"south": {"uv": [8.75, 10.75, 9.1875, 11.125], "texture": "#0"},
				"west": {"uv": [4, 6.75, 5.1875, 7.125], "texture": "#0"},
				"up": {"uv": [2.4375, 7.4375, 2, 6.25], "texture": "#0"},
				"down": {"uv": [6.6875, 2, 6.25, 3.1875], "texture": "#0"}
			}
		},
		{
			"from": [-0.75, -0.125, 30.125],
			"to": [1, 1.375, 32],
			"rotation": {"angle": 0, "axis": "z", "origin": [0.0625, 0.5625, 25.3125]},
			"faces": {
				"north": {"uv": [9.25, 10.75, 9.6875, 11.125], "texture": "#0"},
				"east": {"uv": [5, 10.5, 5.5, 10.875], "texture": "#0"},
				"south": {"uv": [10.75, 9.5, 11.1875, 9.875], "texture": "#0"},
				"west": {"uv": [10.5, 5.25, 11, 5.625], "texture": "#0"},
				"up": {"uv": [9.4375, 10.75, 9, 10.25], "texture": "#0"},
				"down": {"uv": [9.9375, 10.25, 9.5, 10.75], "texture": "#0"}
			}
		},
		{
			"from": [-0.75, -0.3125, 21],
			"to": [1, 1.625, 29],
			"rotation": {"angle": 0, "axis": "z", "origin": [0, 0.1875, 0]},
			"faces": {
				"north": {"uv": [10.25, 9.75, 10.6875, 10.25], "texture": "#0"},
				"east": {"uv": [3, 0, 5, 0.5], "texture": "#0"},
				"south": {"uv": [10, 10.25, 10.4375, 10.75], "texture": "#0"},
				"west": {"uv": [3, 0.5, 5, 1], "texture": "#0"},
				"up": {"uv": [0.9375, 5.5, 0.5, 3.5], "texture": "#0"},
				"down": {"uv": [1.4375, 3.5, 1, 5.5], "texture": "#0"}
			}
		},
		{
			"from": [1.68659, -0.3125, 19.96068],
			"to": [2.99909, 1.4375, 24.58568],
			"rotation": {"angle": 22.5, "axis": "y", "origin": [0.0625, 0.625, 25.3125]},
			"faces": {
				"north": {"uv": [9.5, 11.25, 9.8125, 11.6875], "texture": "#0"},
				"east": {"uv": [5.75, 3.25, 6.9375, 3.6875], "texture": "#0"},
				"south": {"uv": [11.25, 9.5, 11.5625, 9.9375], "texture": "#0"},
				"west": {"uv": [6.5, 5.5, 7.6875, 5.9375], "texture": "#0"},
				"up": {"uv": [2.3125, 9.6875, 2, 8.5], "texture": "#0"},
				"down": {"uv": [3.3125, 8.5, 3, 9.6875], "texture": "#0"}
			}
		},
		{
			"from": [0.4375, -0.3125, 23.5],
			"to": [2.5, 1.4375, 26.875],
			"rotation": {"angle": 0, "axis": "z", "origin": [0.0625, 0.625, 25.3125]},
			"faces": {
				"north": {"uv": [0, 10.5, 0.5, 10.9375], "texture": "#0"},
				"east": {"uv": [7.75, 6.75, 8.625, 7.1875], "texture": "#0"},
				"south": {"uv": [10.5, 0, 11, 0.4375], "texture": "#0"},
				"west": {"uv": [3, 8, 3.875, 8.4375], "texture": "#0"},
				"up": {"uv": [1.5, 8.625, 1, 7.75], "texture": "#0"},
				"down": {"uv": [8.25, 4.75, 7.75, 5.625], "texture": "#0"}
			}
		},
		{
			"from": [1.57964, -0.3125, 25.78714],
			"to": [2.89214, 1.4375, 30.41214],
			"rotation": {"angle": -22.5, "axis": "y", "origin": [0.0625, 0.625, 25.3125]},
			"faces": {
				"north": {"uv": [10, 11.25, 10.3125, 11.6875], "texture": "#0"},
				"east": {"uv": [6.5, 6, 7.6875, 6.4375], "texture": "#0"},
				"south": {"uv": [11.25, 10, 11.5625, 10.4375], "texture": "#0"},
				"west": {"uv": [6.5, 6.5, 7.6875, 6.9375], "texture": "#0"},
				"up": {"uv": [3.8125, 9.6875, 3.5, 8.5], "texture": "#0"},
				"down": {"uv": [1.3125, 8.75, 1, 9.9375], "texture": "#0"}
			}
		},
		{
			"from": [-0.625, -0.25, 30.125],
			"to": [0.875, 1.5, 32],
			"rotation": {"angle": 0, "axis": "z", "origin": [0.0625, 0.5625, 25.3125]},
			"faces": {
				"north": {"uv": [9.75, 10.75, 10.125, 11.1875], "texture": "#0"},
				"east": {"uv": [0.5, 10.5, 1, 10.9375], "texture": "#0"},
				"south": {"uv": [10.25, 10.75, 10.625, 11.1875], "texture": "#0"},
				"west": {"uv": [1.5, 10.5, 2, 10.9375], "texture": "#0"},
				"up": {"uv": [5.875, 11, 5.5, 10.5], "texture": "#0"},
				"down": {"uv": [10.875, 5.75, 10.5, 6.25], "texture": "#0"}
			}
		},
		{
			"from": [-2.87409, -0.3125, 19.96068],
			"to": [-1.56159, 1.4375, 24.58568],
			"rotation": {"angle": -22.5, "axis": "y", "origin": [0.0625, 0.5, 25.3125]},
			"faces": {
				"north": {"uv": [10.5, 11.25, 10.8125, 11.6875], "texture": "#0"},
				"east": {"uv": [6.75, 0, 7.9375, 0.4375], "texture": "#0"},
				"south": {"uv": [11.25, 10.5, 11.5625, 10.9375], "texture": "#0"},
				"west": {"uv": [6.75, 0.5, 7.9375, 0.9375], "texture": "#0"},
				"up": {"uv": [5.3125, 9.9375, 5, 8.75], "texture": "#0"},
				"down": {"uv": [5.8125, 8.75, 5.5, 9.9375], "texture": "#0"}
			}
		},
		{
			"from": [-2.375, -0.3125, 23.5],
			"to": [-0.3125, 1.4375, 26.875],
			"rotation": {"angle": 0, "axis": "z", "origin": [0.0625, 0.5, 25.3125]},
			"faces": {
				"north": {"uv": [10.5, 2.25, 11, 2.6875], "texture": "#0"},
				"east": {"uv": [8, 3, 8.875, 3.4375], "texture": "#0"},
				"south": {"uv": [10.5, 2.75, 11, 3.1875], "texture": "#0"},
				"west": {"uv": [8, 3.5, 8.875, 3.9375], "texture": "#0"},
				"up": {"uv": [5.5, 8.625, 5, 7.75], "texture": "#0"},
				"down": {"uv": [6, 7.75, 5.5, 8.625], "texture": "#0"}
			}
		},
		{
			"from": [-2.76714, -0.3125, 25.78714],
			"to": [-1.45464, 1.4375, 30.41214],
			"rotation": {"angle": 22.5, "axis": "y", "origin": [0.0625, 0.5, 25.3125]},
			"faces": {
				"north": {"uv": [11, 11.25, 11.3125, 11.6875], "texture": "#0"},
				"east": {"uv": [6.75, 1, 7.9375, 1.4375], "texture": "#0"},
				"south": {"uv": [0, 11.5, 0.3125, 11.9375], "texture": "#0"},
				"west": {"uv": [6.75, 1.5, 7.9375, 1.9375], "texture": "#0"},
				"up": {"uv": [9.3125, 1.1875, 9, 0], "texture": "#0"},
				"down": {"uv": [9.3125, 2.75, 9, 3.9375], "texture": "#0"}
			}
		},
		{
			"from": [-0.75, 1.5, -13.875],
			"to": [1, 2.625, -10.5625],
			"rotation": {"angle": 22.5, "axis": "x", "origin": [0, 1.6875, -14]},
			"faces": {
				"north": {"uv": [11.5, 0, 11.9375, 0.3125], "texture": "#0"},
				"east": {"uv": [9.5, 7.25, 10.3125, 7.5625], "texture": "#0"},
				"south": {"uv": [1.5, 11.5, 1.9375, 11.8125], "texture": "#0"},
				"west": {"uv": [7.5, 9.5, 8.3125, 9.8125], "texture": "#0"},
				"up": {"uv": [6.4375, 10.0625, 6, 9.25], "texture": "#0"},
				"down": {"uv": [9.4375, 9.25, 9, 10.0625], "texture": "#0"}
			}
		},
		{
			"from": [-0.75, 1.375, -15.75],
			"to": [1, 2.5, -13.4375],
			"faces": {
				"north": {"uv": [11.5, 2, 11.9375, 2.3125], "texture": "#0"},
				"east": {"uv": [10.5, 9, 11.0625, 9.3125], "texture": "#0"},
				"south": {"uv": [11.5, 2.5, 11.9375, 2.8125], "texture": "#0"},
				"west": {"uv": [10.5, 10.25, 11.0625, 10.5625], "texture": "#0"},
				"up": {"uv": [10.4375, 3.0625, 10, 2.5], "texture": "#0"},
				"down": {"uv": [10.4375, 4.5, 10, 5.0625], "texture": "#0"}
			}
		},
		{
			"from": [-0.5, -4, 4.625],
			"to": [0.75, -0.25, 6],
			"faces": {
				"north": {"uv": [0.5, 9.5, 0.8125, 10.4375], "texture": "#0"},
				"east": {"uv": [0, 9.5, 0.375, 10.4375], "texture": "#0"},
				"south": {"uv": [1.5, 9.5, 1.8125, 10.4375], "texture": "#0"},
				"west": {"uv": [9.5, 0, 9.875, 0.9375], "texture": "#0"},
				"up": {"uv": [3.5625, 11.875, 3.25, 11.5], "texture": "#0"},
				"down": {"uv": [4.0625, 11.5, 3.75, 11.875], "texture": "#0"}
			}
		},
		{
			"from": [-0.75, -5.75, 10.25],
			"to": [1, -0.125, 11.8125],
			"faces": {
				"north": {"uv": [4, 2, 4.4375, 3.4375], "texture": "#0"},
				"east": {"uv": [4.5, 4, 4.875, 5.4375], "texture": "#0"},
				"south": {"uv": [4, 3.5, 4.4375, 4.9375], "texture": "#0"},
				"west": {"uv": [2, 4.75, 2.375, 6.1875], "texture": "#0"},
				"up": {"uv": [11.1875, 11.125, 10.75, 10.75], "texture": "#0"},
				"down": {"uv": [0.4375, 11, 0, 11.375], "texture": "#0"}
			}
		}
	],
	"display": {
		"thirdperson_righthand": {
			"rotation": [0, -180, 0],
			"translation": [-5.75, 6.5, 2.75],
			"scale": [0.7, 0.7, 0.7]
		},
		"thirdperson_lefthand": {
			"rotation": [0, -180, 0],
			"translation": [5.75, 6.5, 2.75],
			"scale": [0.7, 0.7, 0.7]
		},
		"firstperson_righthand": {
			"rotation": [0, -180, 0],
			"translation": [-1.5, 16.25, 5.25],
			"scale": [0.7, 0.7, 0.7]
		},
		"firstperson_lefthand": {
			"rotation": [0, -180, 0],
			"translation": [13, 14, 8.5],
			"scale": [0.7, 0.7, 0.7]
		},
		"ground": {
			"rotation": [0, -180, 0],
			"translation": [-4.75, 6, 0],
			"scale": [0.7, 0.7, 0.7]
		},
		"gui": {
			"rotation": [58, 140, -73],
			"translation": [-3.25, 0.5, 0.75],
			"scale": [0.44, 0.44, 0.44]
		},
		"head": {
			"translation": [8, 10.25, 0]
		},
		"fixed": {
			"rotation": [0, -92, 0],
			"translation": [0, 5, 4],
			"scale": [0.61, 0.61, 0.61]
		}
	}
}