{
	"credit": "Made with Blockbench",
	"texture_size": [64, 64],
	"textures": {
		"0": "item/mp",
		"particle": "item/mp"
	},
	"elements": [
		{
			"from": [0, 0, -10],
			"to": [2, 2, 32],
			"faces": {
				"north": {"uv": [4.25, 9.75, 4.75, 10.25], "texture": "#0"},
				"east": {"uv": [0, 0, 10.5, 0.5], "texture": "#0"},
				"south": {"uv": [6.25, 9.75, 6.75, 10.25], "texture": "#0"},
				"west": {"uv": [0, 0.5, 10.5, 1], "texture": "#0"},
				"up": {"uv": [0.5, 11.5, 0, 1], "texture": "#0"},
				"down": {"uv": [1, 1, 0.5, 11.5], "texture": "#0"}
			}
		},
		{
			"from": [-1, 0, 11],
			"to": [3, 2, 22],
			"faces": {
				"north": {"uv": [8.75, 5.25, 9.75, 5.75], "texture": "#0"},
				"east": {"uv": [7, 7, 9.75, 7.5], "texture": "#0"},
				"south": {"uv": [9, 1.5, 10, 2], "texture": "#0"},
				"west": {"uv": [7.5, 1, 10.25, 1.5], "texture": "#0"},
				"up": {"uv": [4, 6.75, 3, 4], "texture": "#0"},
				"down": {"uv": [5, 4, 4, 6.75], "texture": "#0"}
			}
		},
		{
			"from": [-0.5, 1.75, 11],
			"to": [2.5, 2.75, 22],
			"faces": {
				"north": {"uv": [4.25, 3.75, 5, 4], "texture": "#0"},
				"east": {"uv": [8.75, 3, 11.5, 3.25], "texture": "#0"},
				"south": {"uv": [3, 8.25, 3.75, 8.5], "texture": "#0"},
				"west": {"uv": [8.75, 3.25, 11.5, 3.5], "texture": "#0"},
				"up": {"uv": [5, 3.75, 4.25, 1], "texture": "#0"},
				"down": {"uv": [5.75, 1, 5, 3.75], "texture": "#0"}
			}
		},
		{
			"from": [0.5, 1.75, 25],
			"to": [1.5, 4.25, 25.5],
			"faces": {
				"north": {"uv": [6, 10, 6.25, 10.625], "texture": "#0"},
				"east": {"uv": [9.75, 10.25, 9.875, 10.875], "texture": "#0"},
				"south": {"uv": [1, 10.25, 1.25, 10.875], "texture": "#0"},
				"west": {"uv": [10, 10.25, 10.125, 10.875], "texture": "#0"},
				"up": {"uv": [4, 10.625, 3.75, 10.5], "texture": "#0"},
				"down": {"uv": [4.5, 10.5, 4.25, 10.625], "texture": "#0"}
			}
		},
		{
			"from": [0.5, 3.75, 24],
			"to": [1.5, 4.25, 25],
			"faces": {
				"north": {"uv": [4.5, 10.5, 4.75, 10.625], "texture": "#0"},
				"east": {"uv": [5, 10.5, 5.25, 10.625], "texture": "#0"},
				"south": {"uv": [5.25, 10.5, 5.5, 10.625], "texture": "#0"},
				"west": {"uv": [6.25, 10.5, 6.5, 10.625], "texture": "#0"},
				"up": {"uv": [4, 8.5, 3.75, 8.25], "texture": "#0"},
				"down": {"uv": [10.5, 8.5, 10.25, 8.75], "texture": "#0"}
			}
		},
		{
			"from": [-0.5, -0.5, 11],
			"to": [2.5, 0.5, 22],
			"faces": {
				"north": {"uv": [10, 1.75, 10.75, 2], "texture": "#0"},
				"east": {"uv": [8.75, 3.5, 11.5, 3.75], "texture": "#0"},
				"south": {"uv": [10, 6, 10.75, 6.25], "texture": "#0"},
				"west": {"uv": [8.75, 3.75, 11.5, 4], "texture": "#0"},
				"up": {"uv": [5.75, 6.5, 5, 3.75], "texture": "#0"},
				"down": {"uv": [6.5, 1, 5.75, 3.75], "texture": "#0"}
			}
		},
		{
			"from": [-0.5, -0.5, -16],
			"to": [2.5, 0.5, -10],
			"faces": {
				"north": {"uv": [10, 6.25, 10.75, 6.5], "texture": "#0"},
				"east": {"uv": [8.75, 5.75, 10.25, 6], "texture": "#0"},
				"south": {"uv": [10, 6.5, 10.75, 6.75], "texture": "#0"},
				"west": {"uv": [9.25, 5, 10.75, 5.25], "texture": "#0"},
				"up": {"uv": [5.75, 8, 5, 6.5], "texture": "#0"},
				"down": {"uv": [7.75, 7.5, 7, 9], "texture": "#0"}
			}
		},
		{
			"from": [0, -1, -16],
			"to": [2, 0, -11],
			"faces": {
				"north": {"uv": [7.5, 2.25, 8, 2.5], "texture": "#0"},
				"east": {"uv": [9.75, 5.5, 11, 5.75], "texture": "#0"},
				"south": {"uv": [9, 2, 9.5, 2.25], "texture": "#0"},
				"west": {"uv": [9.75, 7, 11, 7.25], "texture": "#0"},
				"up": {"uv": [7, 3.75, 6.5, 2.5], "texture": "#0"},
				"down": {"uv": [3, 8.75, 2.5, 10], "texture": "#0"}
			}
		},
		{
			"from": [0, -2, -16],
			"to": [2, -1, -13],
			"faces": {
				"north": {"uv": [10.25, 1, 10.75, 1.25], "texture": "#0"},
				"east": {"uv": [10, 8.75, 10.75, 9], "texture": "#0"},
				"south": {"uv": [1.25, 10.25, 1.75, 10.5], "texture": "#0"},
				"west": {"uv": [10, 9, 10.75, 9.25], "texture": "#0"},
				"up": {"uv": [6.25, 10, 5.75, 9.25], "texture": "#0"},
				"down": {"uv": [10, 6, 9.5, 6.75], "texture": "#0"}
			}
		},
		{
			"from": [0, -3, -16],
			"to": [2, -2, -14],
			"faces": {
				"north": {"uv": [10.25, 1.25, 10.75, 1.5], "texture": "#0"},
				"east": {"uv": [1.75, 10.25, 2.25, 10.5], "texture": "#0"},
				"south": {"uv": [10.25, 4, 10.75, 4.25], "texture": "#0"},
				"west": {"uv": [4.25, 10.25, 4.75, 10.5], "texture": "#0"},
				"up": {"uv": [9, 10.25, 8.5, 9.75], "texture": "#0"},
				"down": {"uv": [9.5, 9.75, 9, 10.25], "texture": "#0"}
			}
		},
		{
			"from": [0, -3.8125, -16],
			"to": [2, -2.8125, -15],
			"faces": {
				"north": {"uv": [10.25, 4.25, 10.75, 4.5], "texture": "#0"},
				"east": {"uv": [10.25, 10.25, 10.5, 10.5], "texture": "#0"},
				"south": {"uv": [10.25, 4.5, 10.75, 4.75], "texture": "#0"},
				"west": {"uv": [10.5, 0, 10.75, 0.25], "texture": "#0"},
				"up": {"uv": [10.75, 5, 10.25, 4.75], "texture": "#0"},
				"down": {"uv": [10.75, 5.75, 10.25, 6], "texture": "#0"}
			}
		},
		{
			"from": [0, -3.8125, -15.5625],
			"to": [2, -2.8125, -14.5625],
			"faces": {
				"north": {"uv": [6.25, 10.25, 6.75, 10.5], "texture": "#0"},
				"east": {"uv": [10.5, 0.25, 10.75, 0.5], "texture": "#0"},
				"south": {"uv": [7, 10.25, 7.5, 10.5], "texture": "#0"},
				"west": {"uv": [10.5, 0.5, 10.75, 0.75], "texture": "#0"},
				"up": {"uv": [8, 10.5, 7.5, 10.25], "texture": "#0"},
				"down": {"uv": [10.75, 7.75, 10.25, 8], "texture": "#0"}
			}
		},
		{
			"from": [-0.5, 1.75, -16],
			"to": [2.5, 2.75, -10],
			"faces": {
				"north": {"uv": [10, 9.25, 10.75, 9.5], "texture": "#0"},
				"east": {"uv": [9.5, 2.5, 11, 2.75], "texture": "#0"},
				"south": {"uv": [10, 9.5, 10.75, 9.75], "texture": "#0"},
				"west": {"uv": [9.5, 2.75, 11, 3], "texture": "#0"},
				"up": {"uv": [6.5, 9.25, 5.75, 7.75], "texture": "#0"},
				"down": {"uv": [8.5, 7.5, 7.75, 9], "texture": "#0"}
			}
		},
		{
			"from": [-1, 0, -16],
			"to": [3, 2, -10],
			"faces": {
				"north": {"uv": [9.25, 4, 10.25, 4.5], "texture": "#0"},
				"east": {"uv": [8, 6, 9.5, 6.5], "texture": "#0"},
				"south": {"uv": [9.25, 4.5, 10.25, 5], "texture": "#0"},
				"west": {"uv": [8, 6.5, 9.5, 7], "texture": "#0"},
				"up": {"uv": [7.5, 2.5, 6.5, 1], "texture": "#0"},
				"down": {"uv": [4, 6.75, 3, 8.25], "texture": "#0"}
			}
		},
		{
			"from": [-1, -2, -2],
			"to": [3, 4, 11],
			"faces": {
				"north": {"uv": [4, 6.75, 5, 8.25], "texture": "#0"},
				"east": {"uv": [1, 1, 4.25, 2.5], "texture": "#0"},
				"south": {"uv": [7, 2.5, 8, 4], "texture": "#0"},
				"west": {"uv": [1, 2.5, 4.25, 4], "texture": "#0"},
				"up": {"uv": [2, 7.25, 1, 4], "texture": "#0"},
				"down": {"uv": [3, 4, 2, 7.25], "texture": "#0"}
			}
		},
		{
			"from": [-1.25, 0.75, -1.5],
			"to": [-0.25, 1.75, 10.5],
			"faces": {
				"north": {"uv": [10.5, 0.75, 10.75, 1], "texture": "#0"},
				"east": {"uv": [1, 8.5, 4, 8.75], "texture": "#0"},
				"south": {"uv": [1.25, 10.5, 1.5, 10.75], "texture": "#0"},
				"west": {"uv": [8.5, 7.5, 11.5, 7.75], "texture": "#0"},
				"up": {"uv": [5.75, 11, 5.5, 8], "texture": "#0"},
				"down": {"uv": [4.25, 8.25, 4, 11.25], "texture": "#0"}
			}
		},
		{
			"from": [-0.875, -1.5, -2.75],
			"to": [2.875, 3.5, -0.75],
			"faces": {
				"north": {"uv": [1, 7.25, 1.9375, 8.5], "texture": "#0"},
				"east": {"uv": [3, 8.75, 3.5, 10], "texture": "#0"},
				"south": {"uv": [2, 7.25, 2.9375, 8.5], "texture": "#0"},
				"west": {"uv": [3.5, 8.75, 4, 10], "texture": "#0"},
				"up": {"uv": [9.4375, 9.75, 8.5, 9.25], "texture": "#0"},
				"down": {"uv": [10.4375, 2, 9.5, 2.5], "texture": "#0"}
			}
		},
		{
			"from": [0, 2.25, 0.5],
			"to": [2, 4.25, 3.5],
			"faces": {
				"north": {"uv": [2.5, 10, 3, 10.5], "texture": "#0"},
				"east": {"uv": [9.5, 7.75, 10.25, 8.25], "texture": "#0"},
				"south": {"uv": [3, 10, 3.5, 10.5], "texture": "#0"},
				"west": {"uv": [9.5, 8.25, 10.25, 8.75], "texture": "#0"},
				"up": {"uv": [10, 9.5, 9.5, 8.75], "texture": "#0"},
				"down": {"uv": [10, 9.5, 9.5, 10.25], "texture": "#0"}
			}
		},
		{
			"from": [0.5, 4, 0.75],
			"to": [1.5, 5, 2.75],
			"faces": {
				"north": {"uv": [1.5, 10.5, 1.75, 10.75], "texture": "#0"},
				"east": {"uv": [8, 10.25, 8.5, 10.5], "texture": "#0"},
				"south": {"uv": [1.75, 10.5, 2, 10.75], "texture": "#0"},
				"west": {"uv": [10.25, 8, 10.75, 8.25], "texture": "#0"},
				"up": {"uv": [6.5, 9.75, 6.25, 9.25], "texture": "#0"},
				"down": {"uv": [2.5, 10.25, 2.25, 10.75], "texture": "#0"}
			}
		},
		{
			"from": [1.1875, 4.75, 1.25],
			"to": [1.4375, 5.375, 2.25],
			"faces": {
				"north": {"uv": [10.75, 0, 10.8125, 0.1875], "texture": "#0"},
				"east": {"uv": [2.75, 10.5, 3, 10.6875], "texture": "#0"},
				"south": {"uv": [10.75, 0.25, 10.8125, 0.4375], "texture": "#0"},
				"west": {"uv": [3, 10.5, 3.25, 10.6875], "texture": "#0"},
				"up": {"uv": [8.0625, 10.75, 8, 10.5], "texture": "#0"},
				"down": {"uv": [8.3125, 10.5, 8.25, 10.75], "texture": "#0"}
			}
		},
		{
			"from": [0.5625, 4.75, 1.25],
			"to": [0.8125, 5.375, 2.25],
			"faces": {
				"north": {"uv": [10.75, 0.5, 10.8125, 0.6875], "texture": "#0"},
				"east": {"uv": [3.25, 10.5, 3.5, 10.6875], "texture": "#0"},
				"south": {"uv": [10.75, 0.75, 10.8125, 0.9375], "texture": "#0"},
				"west": {"uv": [3.5, 10.5, 3.75, 10.6875], "texture": "#0"},
				"up": {"uv": [8.5625, 10.75, 8.5, 10.5], "texture": "#0"},
				"down": {"uv": [10.5625, 8.5, 10.5, 8.75], "texture": "#0"}
			}
		},
		{
			"from": [-1, -5, 5],
			"to": [3, -2, 11],
			"faces": {
				"north": {"uv": [8.5, 7.75, 9.5, 8.5], "texture": "#0"},
				"east": {"uv": [7.5, 1.5, 9, 2.25], "texture": "#0"},
				"south": {"uv": [8.5, 8.5, 9.5, 9.25], "texture": "#0"},
				"west": {"uv": [8, 2.25, 9.5, 3], "texture": "#0"},
				"up": {"uv": [8, 5.5, 7, 4], "texture": "#0"},
				"down": {"uv": [8, 5.5, 7, 7], "texture": "#0"}
			}
		},
		{
			"from": [-0.5, -2.25, -1.75],
			"to": [2.5, -1.25, 4.25],
			"faces": {
				"north": {"uv": [10, 9.75, 10.75, 10], "texture": "#0"},
				"east": {"uv": [9.5, 6.75, 11, 7], "texture": "#0"},
				"south": {"uv": [10, 10, 10.75, 10.25], "texture": "#0"},
				"west": {"uv": [9.75, 5.25, 11.25, 5.5], "texture": "#0"},
				"up": {"uv": [8.75, 4.5, 8, 3], "texture": "#0"},
				"down": {"uv": [8.75, 4.5, 8, 6], "texture": "#0"}
			}
		},
		{
			"from": [0.5, -3.5, -0.75],
			"to": [1.5, -3.1875, 3.25],
			"faces": {
				"north": {"uv": [8.75, 10.5, 9, 10.5625], "texture": "#0"},
				"east": {"uv": [10.5, 2, 11.5, 2.0625], "texture": "#0"},
				"south": {"uv": [10.25, 10.5, 10.5, 10.5625], "texture": "#0"},
				"west": {"uv": [10.5, 2.25, 11.5, 2.3125], "texture": "#0"},
				"up": {"uv": [5, 9.25, 4.75, 8.25], "texture": "#0"},
				"down": {"uv": [5, 9.25, 4.75, 10.25], "texture": "#0"}
			}
		},
		{
			"from": [0, -1, -15.75],
			"to": [2, 0, -10.75],
			"rotation": {"angle": -45, "axis": "x", "origin": [0, -1, -11.75]},
			"faces": {
				"north": {"uv": [10.25, 8.25, 10.75, 8.5], "texture": "#0"},
				"east": {"uv": [9.75, 7.25, 11, 7.5], "texture": "#0"},
				"south": {"uv": [8.5, 10.25, 9, 10.5], "texture": "#0"},
				"west": {"uv": [10, 1.5, 11.25, 1.75], "texture": "#0"},
				"up": {"uv": [9.25, 5.25, 8.75, 4], "texture": "#0"},
				"down": {"uv": [7.5, 9, 7, 10.25], "texture": "#0"}
			}
		},
		{
			"from": [0, -11.4375, 6.3125],
			"to": [2, -3.75, 10.5],
			"rotation": {"angle": -22.5, "axis": "x", "origin": [1, -5, 8]},
			"faces": {
				"north": {"uv": [6.5, 7.75, 7, 9.6875], "texture": "#0"},
				"east": {"uv": [5.75, 3.75, 6.8125, 5.6875], "texture": "#0"},
				"south": {"uv": [5, 8, 5.5, 9.9375], "texture": "#0"},
				"west": {"uv": [5.75, 5.75, 6.8125, 7.6875], "texture": "#0"},
				"up": {"uv": [8, 10.0625, 7.5, 9], "texture": "#0"},
				"down": {"uv": [8.5, 9, 8, 10.0625], "texture": "#0"}
			}
		},
		{
			"from": [0, -7.25, -1.75],
			"to": [2, -1.25, 0.25],
			"rotation": {"angle": 22.5, "axis": "x", "origin": [1, -2.25, -0.25]},
			"faces": {
				"north": {"uv": [4.25, 8.25, 4.75, 9.75], "texture": "#0"},
				"east": {"uv": [1, 8.75, 1.5, 10.25], "texture": "#0"},
				"south": {"uv": [1.5, 8.75, 2, 10.25], "texture": "#0"},
				"west": {"uv": [2, 8.75, 2.5, 10.25], "texture": "#0"},
				"up": {"uv": [4, 10.5, 3.5, 10], "texture": "#0"},
				"down": {"uv": [5.5, 10, 5, 10.5], "texture": "#0"}
			}
		},
		{
			"from": [0.5, -2.0625, 3.25],
			"to": [1.5, -0.0625, 3.5],
			"rotation": {"angle": 22.5, "axis": "x", "origin": [1, -2.25, -0.25]},
			"faces": {
				"north": {"uv": [4.75, 10.25, 5, 10.75], "texture": "#0"},
				"east": {"uv": [6.5, 10.5, 6.5625, 11], "texture": "#0"},
				"south": {"uv": [9, 10.25, 9.25, 10.75], "texture": "#0"},
				"west": {"uv": [6.75, 10.5, 6.8125, 11], "texture": "#0"},
				"up": {"uv": [10.75, 10.3125, 10.5, 10.25], "texture": "#0"},
				"down": {"uv": [10.75, 10.5, 10.5, 10.5625], "texture": "#0"}
			}
		},
		{
			"from": [0.75, -1.8125, 2.5],
			"to": [1.25, 0.1875, 2.75],
			"rotation": {"angle": 22.5, "axis": "x", "origin": [1, -2.25, -0.25]},
			"faces": {
				"north": {"uv": [2, 10.5, 2.125, 11], "texture": "#0"},
				"east": {"uv": [7, 10.5, 7.0625, 11], "texture": "#0"},
				"south": {"uv": [2.5, 10.5, 2.625, 11], "texture": "#0"},
				"west": {"uv": [7.25, 10.5, 7.3125, 11], "texture": "#0"},
				"up": {"uv": [10.875, 1.0625, 10.75, 1], "texture": "#0"},
				"down": {"uv": [1.375, 10.75, 1.25, 10.8125], "texture": "#0"}
			}
		},
		{
			"from": [0.5, 1.1875, 23.8125],
			"to": [1.5, 4.1875, 24.3125],
			"rotation": {"angle": 45, "axis": "x", "origin": [1, 4, 24]},
			"faces": {
				"north": {"uv": [6.75, 9.75, 7, 10.5], "texture": "#0"},
				"east": {"uv": [9.25, 10.25, 9.375, 11], "texture": "#0"},
				"south": {"uv": [5.75, 10, 6, 10.75], "texture": "#0"},
				"west": {"uv": [9.5, 10.25, 9.625, 11], "texture": "#0"},
				"up": {"uv": [7.75, 10.625, 7.5, 10.5], "texture": "#0"},
				"down": {"uv": [8, 10.5, 7.75, 10.625], "texture": "#0"}
			}
		}
	],
	"display": {
		"thirdperson_righthand": {
			"rotation": [0, -180, 0],
			"translation": [-3, 4.5, -2.25],
			"scale": [0.41, 0.41, 0.41]
		},
		"thirdperson_lefthand": {
			"rotation": [0, -180, 0],
			"translation": [3, 4.5, -2.25],
			"scale": [0.41, 0.41, 0.41]
		},
		"firstperson_righthand": {
			"rotation": [0, -180, 0],
			"translation": [-1.25, 4.5, -2.25],
			"scale": [0.41, 0.41, 0.41]
		},
		"firstperson_lefthand": {
			"rotation": [0, 166, 0],
			"translation": [13.25, 4.5, -0.75],
			"scale": [0.41, 0.41, 0.41]
		},
		"ground": {
			"translation": [3.25, 5.5, 0],
			"scale": [0.44, 0.44, 0.44]
		},
		"gui": {
			"rotation": [54, 131, -55],
			"translation": [-2.25, 3.25, 0],
			"scale": [0.44, 0.44, 0.44]
		},
		"head": {
			"rotation": [0, -180, 0],
			"translation": [-25.75, 35, -18.75],
			"scale": [4, 4, 4]
		},
		"fixed": {
			"rotation": [0, -90, 0],
			"translation": [-2, 6.5, 4.5],
			"scale": [0.75, 0.75, 0.75]
		}
	},
	"groups": [
		0,
		1,
		2,
		3,
		4,
		5,
		6,
		7,
		8,
		9,
		10,
		11,
		12,
		13,
		14,
		15,
		16,
		17,
		18,
		19,
		20,
		21,
		22,
		23,
		{
			"name": "group",
			"origin": [0, 0, 0],
			"color": 0,
			"children": [24]
		},
		{
			"name": "group",
			"origin": [0, 0, 0],
			"color": 0,
			"children": [25]
		},
		{
			"name": "group",
			"origin": [0, 0, 0],
			"color": 0,
			"children": [26, 27, 28]
		},
		{
			"name": "group",
			"origin": [0, 0, 0],
			"color": 0,
			"children": [29]
		}
	]
}