{
	"credit": "Made with Blockbench",
	"texture_size": [64, 64],
	"textures": {
		"0": "item/pumpgun",
		"particle": "item/pumpgun"
	},
	"elements": [
		{
			"from": [0.3125, 13, -16],
			"to": [1.3125, 14, 16],
			"faces": {
				"north": {"uv": [5.5, 4, 5.75, 4.25], "texture": "#0"},
				"east": {"uv": [0, 0, 8, 0.25], "texture": "#0"},
				"south": {"uv": [6.25, 4, 6.5, 4.25], "texture": "#0"},
				"west": {"uv": [0, 0.25, 8, 0.5], "texture": "#0"},
				"up": {"uv": [0.25, 8.5, 0, 0.5], "texture": "#0"},
				"down": {"uv": [0.5, 0.5, 0.25, 8.5], "texture": "#0"}
			}
		},
		{
			"from": [-0.875, 13, -16],
			"to": [0.125, 14, 16],
			"faces": {
				"north": {"uv": [7, 1, 7.25, 1.25], "texture": "#0"},
				"east": {"uv": [0.5, 0.5, 8.5, 0.75], "texture": "#0"},
				"south": {"uv": [7, 1.25, 7.25, 1.5], "texture": "#0"},
				"west": {"uv": [0.5, 0.75, 8.5, 1], "texture": "#0"},
				"up": {"uv": [0.75, 9, 0.5, 1], "texture": "#0"},
				"down": {"uv": [1, 1, 0.75, 9], "texture": "#0"}
			}
		},
		{
			"from": [0.125, 11.0625, 15.875],
			"to": [0.375, 11.5, 16],
			"faces": {
				"north": {"uv": [7, 6.75, 7.0625, 6.875], "texture": "#0"},
				"east": {"uv": [7, 7, 7.0625, 7.125], "texture": "#0"},
				"south": {"uv": [1, 7.25, 1.0625, 7.375], "texture": "#0"},
				"west": {"uv": [7.25, 1, 7.3125, 1.125], "texture": "#0"},
				"up": {"uv": [7.3125, 2.3125, 7.25, 2.25], "texture": "#0"},
				"down": {"uv": [2.5625, 7.25, 2.5, 7.3125], "texture": "#0"}
			}
		},
		{
			"from": [0.125, 10.875, 15.875],
			"to": [0.375, 11.125, 16],
			"rotation": {"angle": 22.5, "axis": "x", "origin": [0, 11.0625, 15.9375]},
			"faces": {
				"north": {"uv": [3.25, 7.25, 3.3125, 7.3125], "texture": "#0"},
				"east": {"uv": [3.5, 7.25, 3.5625, 7.3125], "texture": "#0"},
				"south": {"uv": [7.25, 3.5, 7.3125, 3.5625], "texture": "#0"},
				"west": {"uv": [3.75, 7.25, 3.8125, 7.3125], "texture": "#0"},
				"up": {"uv": [7.3125, 3.8125, 7.25, 3.75], "texture": "#0"},
				"down": {"uv": [4.0625, 7.25, 4, 7.3125], "texture": "#0"}
			}
		},
		{
			"from": [-0.5, 11.5, -2],
			"to": [1, 13, 18.25],
			"faces": {
				"north": {"uv": [6.25, 2.5, 6.625, 2.875], "texture": "#0"},
				"east": {"uv": [1, 1, 6.0625, 1.375], "texture": "#0"},
				"south": {"uv": [3, 6.25, 3.375, 6.625], "texture": "#0"},
				"west": {"uv": [1, 1.5, 6.0625, 1.875], "texture": "#0"},
				"up": {"uv": [1.375, 7.0625, 1, 2], "texture": "#0"},
				"down": {"uv": [1.875, 2, 1.5, 7.0625], "texture": "#0"}
			}
		},
		{
			"from": [-0.75, 13, 16],
			"to": [1.25, 13.75, 16.5],
			"faces": {
				"north": {"uv": [5.5, 4.25, 6, 4.4375], "texture": "#0"},
				"east": {"uv": [7, 5.5, 7.125, 5.6875], "texture": "#0"},
				"south": {"uv": [4.25, 6.75, 4.75, 6.9375], "texture": "#0"},
				"west": {"uv": [5.75, 7, 5.875, 7.1875], "texture": "#0"},
				"up": {"uv": [7.5, 1.625, 7, 1.5], "texture": "#0"},
				"down": {"uv": [7.5, 1.75, 7, 1.875], "texture": "#0"}
			}
		},
		{
			"from": [0, 11, -1.5],
			"to": [0.5, 11.5, 2],
			"faces": {
				"north": {"uv": [7, 6.5, 7.125, 6.625], "texture": "#0"},
				"east": {"uv": [6.75, 2.5, 7.625, 2.625], "texture": "#0"},
				"south": {"uv": [6.75, 7, 6.875, 7.125], "texture": "#0"},
				"west": {"uv": [6.75, 2.75, 7.625, 2.875], "texture": "#0"},
				"up": {"uv": [3.125, 7.625, 3, 6.75], "texture": "#0"},
				"down": {"uv": [6.875, 3, 6.75, 3.875], "texture": "#0"}
			}
		},
		{
			"from": [0, 10.4375, 14.75],
			"to": [0.5, 10.75, 16.25],
			"faces": {
				"north": {"uv": [1.25, 7.25, 1.375, 7.3125], "texture": "#0"},
				"east": {"uv": [7, 5.75, 7.375, 5.8125], "texture": "#0"},
				"south": {"uv": [7.25, 1.25, 7.375, 1.3125], "texture": "#0"},
				"west": {"uv": [6, 7, 6.375, 7.0625], "texture": "#0"},
				"up": {"uv": [2.875, 7.375, 2.75, 7], "texture": "#0"},
				"down": {"uv": [7.125, 3.5, 7, 3.875], "texture": "#0"}
			}
		},
		{
			"from": [0, 10.4375, 16],
			"to": [0.5, 11.9375, 16.3125],
			"rotation": {"angle": 22.5, "axis": "x", "origin": [0, 10.5, 16.25]},
			"faces": {
				"north": {"uv": [7, 4, 7.125, 4.375], "texture": "#0"},
				"east": {"uv": [7, 6, 7.0625, 6.375], "texture": "#0"},
				"south": {"uv": [4.25, 7, 4.375, 7.375], "texture": "#0"},
				"west": {"uv": [6.5, 7, 6.5625, 7.375], "texture": "#0"},
				"up": {"uv": [1.625, 7.3125, 1.5, 7.25], "texture": "#0"},
				"down": {"uv": [1.875, 7.25, 1.75, 7.3125], "texture": "#0"}
			}
		},
		{
			"from": [0, 10.625, 14.8125],
			"to": [0.5, 12.625, 15.125],
			"rotation": {"angle": -45, "axis": "x", "origin": [0, 10.5, 15]},
			"faces": {
				"north": {"uv": [2, 7, 2.125, 7.5], "texture": "#0"},
				"east": {"uv": [4.5, 7, 4.5625, 7.5], "texture": "#0"},
				"south": {"uv": [7, 2, 7.125, 2.5], "texture": "#0"},
				"west": {"uv": [5, 7, 5.0625, 7.5], "texture": "#0"},
				"up": {"uv": [7.375, 2.0625, 7.25, 2], "texture": "#0"},
				"down": {"uv": [2.375, 7.25, 2.25, 7.3125], "texture": "#0"}
			}
		},
		{
			"from": [-0.25, 11.75, -2.5],
			"to": [0.75, 12.75, -2],
			"faces": {
				"north": {"uv": [2.25, 7, 2.5, 7.25], "texture": "#0"},
				"east": {"uv": [7, 5, 7.125, 5.25], "texture": "#0"},
				"south": {"uv": [2.5, 7, 2.75, 7.25], "texture": "#0"},
				"west": {"uv": [5.25, 7, 5.375, 7.25], "texture": "#0"},
				"up": {"uv": [7.25, 5.375, 7, 5.25], "texture": "#0"},
				"down": {"uv": [5.75, 7, 5.5, 7.125], "texture": "#0"}
			}
		},
		{
			"from": [-0.375, 12.5, 16],
			"to": [0.875, 14, 22],
			"rotation": {"angle": 22.5, "axis": "x", "origin": [0, 14, 16]},
			"faces": {
				"north": {"uv": [6.5, 4.5, 6.8125, 4.875], "texture": "#0"},
				"east": {"uv": [4, 4, 5.5, 4.375], "texture": "#0"},
				"south": {"uv": [6.5, 5, 6.8125, 5.375], "texture": "#0"},
				"west": {"uv": [4.5, 2, 6, 2.375], "texture": "#0"},
				"up": {"uv": [5.5625, 4, 5.25, 2.5], "texture": "#0"},
				"down": {"uv": [4.3125, 5.25, 4, 6.75], "texture": "#0"}
			}
		},
		{
			"from": [-0.125, 14, 19.6875],
			"to": [0.625, 14.5, 21.5],
			"rotation": {"angle": 45, "axis": "x", "origin": [0, 14, 16]},
			"faces": {
				"north": {"uv": [7, 4.5, 7.3125, 4.625], "texture": "#0"},
				"east": {"uv": [7, 3, 7.4375, 3.125], "texture": "#0"},
				"south": {"uv": [7, 4.75, 7.3125, 4.875], "texture": "#0"},
				"west": {"uv": [7, 3.25, 7.4375, 3.375], "texture": "#0"},
				"up": {"uv": [5.3125, 6.6875, 5, 6.25], "texture": "#0"},
				"down": {"uv": [5.8125, 6.25, 5.5, 6.6875], "texture": "#0"}
			}
		},
		{
			"from": [-0.5, 12.25, 23],
			"to": [1, 13.75, 31.125],
			"rotation": {"angle": 22.5, "axis": "x", "origin": [0, 14, 16]},
			"faces": {
				"north": {"uv": [6.25, 3, 6.625, 3.375], "texture": "#0"},
				"east": {"uv": [3, 3, 5.0625, 3.375], "texture": "#0"},
				"south": {"uv": [3.5, 6.25, 3.875, 6.625], "texture": "#0"},
				"west": {"uv": [3, 3.5, 5.0625, 3.875], "texture": "#0"},
				"up": {"uv": [3.375, 6.0625, 3, 4], "texture": "#0"},
				"down": {"uv": [3.875, 4, 3.5, 6.0625], "texture": "#0"}
			}
		},
		{
			"from": [-0.5625, 10.5, 20.75],
			"to": [1.0625, 12, 30.5],
			"rotation": {"angle": 0, "axis": "x", "origin": [0, 14, 16]},
			"faces": {
				"north": {"uv": [6.25, 3.5, 6.625, 3.875], "texture": "#0"},
				"east": {"uv": [2, 2, 4.4375, 2.375], "texture": "#0"},
				"south": {"uv": [4.5, 6.25, 4.875, 6.625], "texture": "#0"},
				"west": {"uv": [2, 2.5, 4.4375, 2.875], "texture": "#0"},
				"up": {"uv": [2.375, 5.4375, 2, 3], "texture": "#0"},
				"down": {"uv": [2.875, 3, 2.5, 5.4375], "texture": "#0"}
			}
		},
		{
			"from": [-0.5625, 6.625, 29.25],
			"to": [1.0625, 10.5, 30.5],
			"rotation": {"angle": 0, "axis": "x", "origin": [0, 14, 16]},
			"faces": {
				"north": {"uv": [4.5, 5.25, 4.875, 6.25], "texture": "#0"},
				"east": {"uv": [2, 5.5, 2.3125, 6.5], "texture": "#0"},
				"south": {"uv": [5, 5.25, 5.375, 6.25], "texture": "#0"},
				"west": {"uv": [2.5, 5.5, 2.8125, 6.5], "texture": "#0"},
				"up": {"uv": [6.875, 5.8125, 6.5, 5.5], "texture": "#0"},
				"down": {"uv": [6.375, 6.5, 6, 6.8125], "texture": "#0"}
			}
		},
		{
			"from": [-0.4375, 8.125, 26],
			"to": [0.9375, 10.5, 29.25],
			"rotation": {"angle": 0, "axis": "x", "origin": [0, 14, 16]},
			"faces": {
				"north": {"uv": [5.75, 3.5, 6.125, 4.125], "texture": "#0"},
				"east": {"uv": [4, 4.5, 4.8125, 5.125], "texture": "#0"},
				"south": {"uv": [6, 4.25, 6.375, 4.875], "texture": "#0"},
				"west": {"uv": [5, 4.5, 5.8125, 5.125], "texture": "#0"},
				"up": {"uv": [5.875, 6.0625, 5.5, 5.25], "texture": "#0"},
				"down": {"uv": [6.125, 2.5, 5.75, 3.3125], "texture": "#0"}
			}
		},
		{
			"from": [-0.4375, 9.375, 23.75],
			"to": [0.9375, 10.5, 26],
			"rotation": {"angle": 0, "axis": "x", "origin": [0, 14, 16]},
			"faces": {
				"north": {"uv": [6.5, 6, 6.875, 6.3125], "texture": "#0"},
				"east": {"uv": [6.25, 1, 6.8125, 1.3125], "texture": "#0"},
				"south": {"uv": [6.5, 6.5, 6.875, 6.8125], "texture": "#0"},
				"west": {"uv": [6.25, 1.5, 6.8125, 1.8125], "texture": "#0"},
				"up": {"uv": [6.375, 5.5625, 6, 5], "texture": "#0"},
				"down": {"uv": [6.375, 5.75, 6, 6.3125], "texture": "#0"}
			}
		},
		{
			"from": [-0.3125, 9.25, 19.75],
			"to": [0.8125, 11, 21.5],
			"faces": {
				"north": {"uv": [2, 6.5, 2.3125, 6.9375], "texture": "#0"},
				"east": {"uv": [4.5, 2.5, 4.9375, 2.9375], "texture": "#0"},
				"south": {"uv": [6.5, 2, 6.8125, 2.4375], "texture": "#0"},
				"west": {"uv": [6, 2, 6.4375, 2.4375], "texture": "#0"},
				"up": {"uv": [2.8125, 6.9375, 2.5, 6.5], "texture": "#0"},
				"down": {"uv": [6.8125, 4, 6.5, 4.4375], "texture": "#0"}
			}
		},
		{
			"from": [-0.375, 9.625, 21.25],
			"to": [0.875, 10.75, 22.125],
			"faces": {
				"north": {"uv": [3.25, 6.75, 3.5625, 7.0625], "texture": "#0"},
				"east": {"uv": [5, 2.5, 5.25, 2.8125], "texture": "#0"},
				"south": {"uv": [3.75, 6.75, 4.0625, 7.0625], "texture": "#0"},
				"west": {"uv": [4.75, 6.75, 5, 7.0625], "texture": "#0"},
				"up": {"uv": [5.3125, 7, 5, 6.75], "texture": "#0"},
				"down": {"uv": [5.8125, 6.75, 5.5, 7], "texture": "#0"}
			}
		}
	],
	"display": {
		"thirdperson_righthand": {
			"translation": [5.25, -2.25, -4.75],
			"scale": [0.61, 0.61, 0.61]
		},
		"thirdperson_lefthand": {
			"translation": [-6, -2, -4.75],
			"scale": [0.7, 0.7, 0.7]
		},
		"firstperson_righthand": {
			"rotation": [0, -5, 0],
			"translation": [5.75, 0.25, 1.25],
			"scale": [0.7, 0.7, 0.7]
		},
		"firstperson_lefthand": {
			"rotation": [0, -14, 0],
			"translation": [4.75, -1.25, -2.5],
			"scale": [0.7, 0.7, 0.7]
		},
		"ground": {
			"translation": [7.25, -1, 0]
		},
		"gui": {
			"rotation": [80, -60, 78],
			"translation": [0.75, -1.25, 0],
			"scale": [0.41, 0.41, 0.41]
		},
		"head": {
			"translation": [7.75, -8.75, 17]
		},
		"fixed": {
			"rotation": [0, 90, 0],
			"translation": [-0.25, -1.5, -5],
			"scale": [0.64, 0.64, 0.64]
		}
	}
}