{
	"credit": "Made with Blockbench",
	"texture_size": [64, 64],
	"textures": {
		"0": "item/sniper",
		"particle": "item/sniper"
	},
	"elements": [
		{
			"from": [-16, 2.6875, -0.125],
			"to": [-8.5, 3.6875, 0.875],
			"faces": {
				"north": {"uv": [5, 4, 6.875, 4.25], "texture": "#0"},
				"east": {"uv": [6.75, 0.75, 7, 1], "texture": "#0"},
				"south": {"uv": [5.5, 1.5, 7.375, 1.75], "texture": "#0"},
				"west": {"uv": [7, 1.25, 7.25, 1.5], "texture": "#0"},
				"up": {"uv": [7.375, 2, 5.5, 1.75], "texture": "#0"},
				"down": {"uv": [7.375, 2, 5.5, 2.25], "texture": "#0"}
			}
		},
		{
			"from": [-8.5, 2.3125, -0.1875],
			"to": [4.3125, 4.4375, 0.9375],
			"faces": {
				"north": {"uv": [0, 0, 3.1875, 0.5625], "texture": "#0"},
				"east": {"uv": [6.75, 0, 7.0625, 0.5625], "texture": "#0"},
				"south": {"uv": [0, 0.75, 3.1875, 1.3125], "texture": "#0"},
				"west": {"uv": [0.5, 6.75, 0.8125, 7.3125], "texture": "#0"},
				"up": {"uv": [5.9375, 2.8125, 2.75, 2.5], "texture": "#0"},
				"down": {"uv": [3.1875, 3, 0, 3.3125], "texture": "#0"}
			}
		},
		{
			"from": [4.3125, 3.375, -0.125],
			"to": [17.125, 4.1875, 0.875],
			"faces": {
				"north": {"uv": [4, 4.75, 7.1875, 4.9375], "texture": "#0"},
				"east": {"uv": [7.25, 0.5, 7.5, 0.6875], "texture": "#0"},
				"south": {"uv": [5, 3.75, 8.1875, 3.9375], "texture": "#0"},
				"west": {"uv": [7.25, 1.25, 7.5, 1.4375], "texture": "#0"},
				"up": {"uv": [3.1875, 3.75, 0, 3.5], "texture": "#0"},
				"down": {"uv": [6.4375, 3.5, 3.25, 3.75], "texture": "#0"}
			}
		},
		{
			"from": [15.125, 0.125, 0.25],
			"to": [15.3125, 1.0625, 0.5],
			"faces": {
				"north": {"uv": [8, 8, 8.0625, 8.25], "texture": "#0"},
				"east": {"uv": [0, 8.25, 0.0625, 8.5], "texture": "#0"},
				"south": {"uv": [0.25, 8.25, 0.3125, 8.5], "texture": "#0"},
				"west": {"uv": [0.5, 8.25, 0.5625, 8.5], "texture": "#0"},
				"up": {"uv": [8.3125, 3.3125, 8.25, 3.25], "texture": "#0"},
				"down": {"uv": [3.5625, 8.25, 3.5, 8.3125], "texture": "#0"}
			}
		},
		{
			"from": [17.125, 3.0625, -0.1875],
			"to": [17.9375, 3.375, 0.9375],
			"rotation": {"angle": -22.5, "axis": "z", "origin": [17.125, 3.375, 0]},
			"faces": {
				"north": {"uv": [1.75, 8.25, 1.9375, 8.3125], "texture": "#0"},
				"east": {"uv": [6.5, 8, 6.8125, 8.0625], "texture": "#0"},
				"south": {"uv": [2, 8.25, 2.1875, 8.3125], "texture": "#0"},
				"west": {"uv": [7, 8, 7.3125, 8.0625], "texture": "#0"},
				"up": {"uv": [7.9375, 0.3125, 7.75, 0], "texture": "#0"},
				"down": {"uv": [0.4375, 7.75, 0.25, 8.0625], "texture": "#0"}
			}
		},
		{
			"from": [7.4375, 9.4375, -0.375],
			"to": [8.875, 10, 1.125],
			"rotation": {"angle": 22.5, "axis": "z", "origin": [17.125, 3.375, 0]},
			"faces": {
				"north": {"uv": [7.75, 4.75, 8.125, 4.875], "texture": "#0"},
				"east": {"uv": [7.75, 5, 8.125, 5.125], "texture": "#0"},
				"south": {"uv": [5.25, 7.75, 5.625, 7.875], "texture": "#0"},
				"west": {"uv": [7.75, 5.25, 8.125, 5.375], "texture": "#0"},
				"up": {"uv": [6.375, 7.125, 6, 6.75], "texture": "#0"},
				"down": {"uv": [7.125, 6.25, 6.75, 6.625], "texture": "#0"}
			}
		},
		{
			"from": [16.6875, 6.5625, -0.375],
			"to": [18.25, 7.125, 1.125],
			"rotation": {"angle": 22.5, "axis": "z", "origin": [17.125, 3.375, 0]},
			"faces": {
				"north": {"uv": [7.75, 5.75, 8.125, 5.875], "texture": "#0"},
				"east": {"uv": [6.25, 7.75, 6.625, 7.875], "texture": "#0"},
				"south": {"uv": [7.75, 6.25, 8.125, 6.375], "texture": "#0"},
				"west": {"uv": [7.75, 6.5, 8.125, 6.625], "texture": "#0"},
				"up": {"uv": [6.875, 7.125, 6.5, 6.75], "texture": "#0"},
				"down": {"uv": [7.375, 0.75, 7, 1.125], "texture": "#0"}
			}
		},
		{
			"from": [5.1875, 2.3125, -0.375],
			"to": [6.3125, 2.6875, 1.125],
			"rotation": {"angle": -22.5, "axis": "z", "origin": [17.125, 3.375, 0]},
			"faces": {
				"north": {"uv": [7.75, 7, 8.0625, 7.125], "texture": "#0"},
				"east": {"uv": [7.75, 4.5, 8.125, 4.625], "texture": "#0"},
				"south": {"uv": [7.25, 7.75, 7.5625, 7.875], "texture": "#0"},
				"west": {"uv": [4.75, 7.75, 5.125, 7.875], "texture": "#0"},
				"up": {"uv": [7.5625, 6.625, 7.25, 6.25], "texture": "#0"},
				"down": {"uv": [6.8125, 7.25, 6.5, 7.625], "texture": "#0"}
			}
		},
		{
			"from": [14.625, 5.3125, -0.375],
			"to": [15.9375, 5.6875, 1.125],
			"rotation": {"angle": -22.5, "axis": "z", "origin": [17.125, 3.375, 0]},
			"faces": {
				"north": {"uv": [7.75, 7.25, 8.0625, 7.375], "texture": "#0"},
				"east": {"uv": [7.75, 5.5, 8.125, 5.625], "texture": "#0"},
				"south": {"uv": [7.75, 7.5, 8.0625, 7.625], "texture": "#0"},
				"west": {"uv": [5.75, 7.75, 6.125, 7.875], "texture": "#0"},
				"up": {"uv": [7.3125, 7.625, 7, 7.25], "texture": "#0"},
				"down": {"uv": [0.8125, 7.5, 0.5, 7.875], "texture": "#0"}
			}
		},
		{
			"from": [17.375, 1.0625, 0.25],
			"to": [18.3125, 1.375, 0.5],
			"rotation": {"angle": -45, "axis": "z", "origin": [17.125, 3.375, 0]},
			"faces": {
				"north": {"uv": [8.25, 0.5, 8.5, 0.5625], "texture": "#0"},
				"east": {"uv": [8.25, 3.5, 8.3125, 3.5625], "texture": "#0"},
				"south": {"uv": [0.75, 8.25, 1, 8.3125], "texture": "#0"},
				"west": {"uv": [3.75, 8.25, 3.8125, 8.3125], "texture": "#0"},
				"up": {"uv": [8.5, 0.8125, 8.25, 0.75], "texture": "#0"},
				"down": {"uv": [1.25, 8.25, 1, 8.3125], "texture": "#0"}
			}
		},
		{
			"from": [17.1875, 0.25, 0.25],
			"to": [17.4375, 1.0625, 0.5],
			"rotation": {"angle": -22.5, "axis": "z", "origin": [17.125, 3.375, 0]},
			"faces": {
				"north": {"uv": [8.25, 2.25, 8.3125, 2.4375], "texture": "#0"},
				"east": {"uv": [2.5, 8.25, 2.5625, 8.4375], "texture": "#0"},
				"south": {"uv": [8.25, 2.5, 8.3125, 2.6875], "texture": "#0"},
				"west": {"uv": [2.75, 8.25, 2.8125, 8.4375], "texture": "#0"},
				"up": {"uv": [8.3125, 3.8125, 8.25, 3.75], "texture": "#0"},
				"down": {"uv": [4.0625, 8.25, 4, 8.3125], "texture": "#0"}
			}
		},
		{
			"from": [15.875, -1.0625, -0.125],
			"to": [16.8125, -0.625, 0.875],
			"rotation": {"angle": -45, "axis": "z", "origin": [17.125, 3.375, 0]},
			"faces": {
				"north": {"uv": [2.5, 8, 2.75, 8.125], "texture": "#0"},
				"east": {"uv": [8, 2.5, 8.25, 2.625], "texture": "#0"},
				"south": {"uv": [2.75, 8, 3, 8.125], "texture": "#0"},
				"west": {"uv": [8, 2.75, 8.25, 2.875], "texture": "#0"},
				"up": {"uv": [7.25, 3.75, 7, 3.5], "texture": "#0"},
				"down": {"uv": [7.25, 4.5, 7, 4.75], "texture": "#0"}
			}
		},
		{
			"from": [13.9375, -3.0625, -0.125],
			"to": [14.5625, -2.75, 0.875],
			"rotation": {"angle": -45, "axis": "z", "origin": [17.125, 3.375, 0]},
			"faces": {
				"north": {"uv": [8.25, 2, 8.4375, 2.0625], "texture": "#0"},
				"east": {"uv": [7.5, 8, 7.75, 8.0625], "texture": "#0"},
				"south": {"uv": [2.25, 8.25, 2.4375, 8.3125], "texture": "#0"},
				"west": {"uv": [7.75, 8, 8, 8.0625], "texture": "#0"},
				"up": {"uv": [7.9375, 4.5, 7.75, 4.25], "texture": "#0"},
				"down": {"uv": [4.6875, 7.75, 4.5, 8], "texture": "#0"}
			}
		},
		{
			"from": [14.875, -2.4375, -0.125],
			"to": [15.25, -1.6875, 0.875],
			"rotation": {"angle": -45, "axis": "z", "origin": [17.125, 3.375, 0]},
			"faces": {
				"north": {"uv": [5.75, 8, 5.875, 8.1875], "texture": "#0"},
				"east": {"uv": [7.25, 5.5, 7.5, 5.6875], "texture": "#0"},
				"south": {"uv": [6, 8, 6.125, 8.1875], "texture": "#0"},
				"west": {"uv": [7.75, 4, 8, 4.1875], "texture": "#0"},
				"up": {"uv": [3.125, 8.25, 3, 8], "texture": "#0"},
				"down": {"uv": [8.125, 3, 8, 3.25], "texture": "#0"}
			}
		},
		{
			"from": [4.3125, 1.0625, -0.25],
			"to": [15.3125, 3.375, 1],
			"faces": {
				"north": {"uv": [0, 1.5, 2.75, 2.0625], "texture": "#0"},
				"east": {"uv": [1, 6.75, 1.3125, 7.3125], "texture": "#0"},
				"south": {"uv": [0, 2.25, 2.75, 2.8125], "texture": "#0"},
				"west": {"uv": [2, 6.75, 2.3125, 7.3125], "texture": "#0"},
				"up": {"uv": [6, 0.3125, 3.25, 0], "texture": "#0"},
				"down": {"uv": [6, 0.5, 3.25, 0.8125], "texture": "#0"}
			}
		},
		{
			"from": [5.875, 5.8125, -0.4375],
			"to": [16.75, 6.9375, 1.1875],
			"faces": {
				"north": {"uv": [3.25, 1, 6, 1.3125], "texture": "#0"},
				"east": {"uv": [3, 7.25, 3.4375, 7.5625], "texture": "#0"},
				"south": {"uv": [3.25, 3, 6, 3.3125], "texture": "#0"},
				"west": {"uv": [7.25, 3.25, 7.6875, 3.5625], "texture": "#0"},
				"up": {"uv": [5.5, 1.9375, 2.75, 1.5], "texture": "#0"},
				"down": {"uv": [5.5, 2, 2.75, 2.4375], "texture": "#0"}
			}
		},
		{
			"from": [17.1875, -0.1875, -0.25],
			"to": [19.875, 1.3125, 1],
			"faces": {
				"north": {"uv": [6, 0, 6.6875, 0.375], "texture": "#0"},
				"east": {"uv": [5.5, 7.25, 5.8125, 7.625], "texture": "#0"},
				"south": {"uv": [6, 0.5, 6.6875, 0.875], "texture": "#0"},
				"west": {"uv": [6, 7.25, 6.3125, 7.625], "texture": "#0"},
				"up": {"uv": [1.1875, 6.5625, 0.5, 6.25], "texture": "#0"},
				"down": {"uv": [4.6875, 6.25, 4, 6.5625], "texture": "#0"}
			}
		},
		{
			"from": [22.75, 1.625, -0.1875],
			"to": [30.625, 2.75, 0.9375],
			"faces": {
				"north": {"uv": [1.5, 4.25, 3.5, 4.5625], "texture": "#0"},
				"east": {"uv": [2, 7.5, 2.3125, 7.8125], "texture": "#0"},
				"south": {"uv": [3.5, 4.25, 5.5, 4.5625], "texture": "#0"},
				"west": {"uv": [7.5, 2, 7.8125, 2.3125], "texture": "#0"},
				"up": {"uv": [2, 5.0625, 0, 4.75], "texture": "#0"},
				"down": {"uv": [4, 4.75, 2, 5.0625], "texture": "#0"}
			}
		},
		{
			"from": [24.6875, -0.625, -0.25],
			"to": [25.5, -0.125, 1],
			"faces": {
				"north": {"uv": [8, 6, 8.1875, 6.125], "texture": "#0"},
				"east": {"uv": [8, 1.5, 8.3125, 1.625], "texture": "#0"},
				"south": {"uv": [6.25, 8, 6.4375, 8.125], "texture": "#0"},
				"west": {"uv": [8, 1.75, 8.3125, 1.875], "texture": "#0"},
				"up": {"uv": [1.9375, 8.0625, 1.75, 7.75], "texture": "#0"},
				"down": {"uv": [7.9375, 2.5, 7.75, 2.8125], "texture": "#0"}
			}
		},
		{
			"from": [26.3125, -2.1875, -0.25],
			"to": [30.625, -1.375, 1],
			"faces": {
				"north": {"uv": [6, 3.25, 7.0625, 3.4375], "texture": "#0"},
				"east": {"uv": [7.75, 1, 8.0625, 1.1875], "texture": "#0"},
				"south": {"uv": [6, 5.5, 7.0625, 5.6875], "texture": "#0"},
				"west": {"uv": [7.75, 1.25, 8.0625, 1.4375], "texture": "#0"},
				"up": {"uv": [5.0625, 6.0625, 4, 5.75], "texture": "#0"},
				"down": {"uv": [6.3125, 5.75, 5.25, 6.0625], "texture": "#0"}
			}
		},
		{
			"from": [15.3125, 1.5625, -0.25],
			"to": [17.125, 3.375, 1],
			"faces": {
				"north": {"uv": [4.75, 6.25, 5.1875, 6.6875], "texture": "#0"},
				"east": {"uv": [7, 2.25, 7.3125, 2.6875], "texture": "#0"},
				"south": {"uv": [5.25, 6.25, 5.6875, 6.6875], "texture": "#0"},
				"west": {"uv": [7, 4, 7.3125, 4.4375], "texture": "#0"},
				"up": {"uv": [7.4375, 5.3125, 7, 5], "texture": "#0"},
				"down": {"uv": [7.4375, 5.75, 7, 6.0625], "texture": "#0"}
			}
		},
		{
			"from": [30.625, -2.3125, -0.25],
			"to": [31.625, 2.875, 1],
			"faces": {
				"north": {"uv": [3, 5.75, 3.25, 7.0625], "texture": "#0"},
				"east": {"uv": [3.5, 5.25, 3.8125, 6.5625], "texture": "#0"},
				"south": {"uv": [3.25, 5.75, 3.5, 7.0625], "texture": "#0"},
				"west": {"uv": [1.5, 5.75, 1.8125, 7.0625], "texture": "#0"},
				"up": {"uv": [7.75, 7.5625, 7.5, 7.25], "texture": "#0"},
				"down": {"uv": [0.25, 7.75, 0, 8.0625], "texture": "#0"}
			}
		},
		{
			"from": [26.3125, -2.1875, -0.1875],
			"to": [26.9375, 0.0625, 0.9375],
			"rotation": {"angle": 45, "axis": "z", "origin": [26.3125, -2.1875, 0]},
			"faces": {
				"north": {"uv": [1.25, 7.5, 1.4375, 8.0625], "texture": "#0"},
				"east": {"uv": [2.5, 6.75, 2.8125, 7.3125], "texture": "#0"},
				"south": {"uv": [7.5, 1.25, 7.6875, 1.8125], "texture": "#0"},
				"west": {"uv": [3.5, 6.75, 3.8125, 7.3125], "texture": "#0"},
				"up": {"uv": [1.6875, 8.0625, 1.5, 7.75], "texture": "#0"},
				"down": {"uv": [7.9375, 1.5, 7.75, 1.8125], "texture": "#0"}
			}
		},
		{
			"from": [9.125, 4.1875, 0],
			"to": [9.75, 5.8125, 0.75],
			"faces": {
				"north": {"uv": [1.25, 6.25, 1.4375, 6.6875], "texture": "#0"},
				"east": {"uv": [2.5, 7.5, 2.6875, 7.9375], "texture": "#0"},
				"south": {"uv": [7.5, 2.5, 7.6875, 2.9375], "texture": "#0"},
				"west": {"uv": [2.75, 7.5, 2.9375, 7.9375], "texture": "#0"},
				"up": {"uv": [2.1875, 8.1875, 2, 8], "texture": "#0"},
				"down": {"uv": [8.1875, 2, 8, 2.1875], "texture": "#0"}
			}
		},
		{
			"from": [13.125, 4.1875, 0],
			"to": [13.75, 5.8125, 0.75],
			"faces": {
				"north": {"uv": [3.5, 7.5, 3.6875, 7.9375], "texture": "#0"},
				"east": {"uv": [3.75, 7.5, 3.9375, 7.9375], "texture": "#0"},
				"south": {"uv": [7.5, 4, 7.6875, 4.4375], "texture": "#0"},
				"west": {"uv": [7.5, 5, 7.6875, 5.4375], "texture": "#0"},
				"up": {"uv": [2.4375, 8.1875, 2.25, 8], "texture": "#0"},
				"down": {"uv": [8.1875, 2.25, 8, 2.4375], "texture": "#0"}
			}
		},
		{
			"from": [18.0625, -2.75, -0.1875],
			"to": [19.875, 0.5, 0.9375],
			"rotation": {"angle": 22.5, "axis": "z", "origin": [19.5, 0.5, 0]},
			"faces": {
				"north": {"uv": [2, 5.75, 2.4375, 6.5625], "texture": "#0"},
				"east": {"uv": [6, 2.25, 6.3125, 3.0625], "texture": "#0"},
				"south": {"uv": [2.5, 5.75, 2.9375, 6.5625], "texture": "#0"},
				"west": {"uv": [0, 6.25, 0.3125, 7.0625], "texture": "#0"},
				"up": {"uv": [7.6875, 0.3125, 7.25, 0], "texture": "#0"},
				"down": {"uv": [1.9375, 7.25, 1.5, 7.5625], "texture": "#0"}
			}
		},
		{
			"from": [10.75, 0.5625, -0.1875],
			"to": [11.6875, 1.0625, 0.9375],
			"faces": {
				"north": {"uv": [3.25, 8, 3.5, 8.125], "texture": "#0"},
				"east": {"uv": [6.75, 7.75, 7.0625, 7.875], "texture": "#0"},
				"south": {"uv": [3.5, 8, 3.75, 8.125], "texture": "#0"},
				"west": {"uv": [7.75, 6.75, 8.0625, 6.875], "texture": "#0"},
				"up": {"uv": [7.75, 5.8125, 7.5, 5.5], "texture": "#0"},
				"down": {"uv": [7.75, 6.75, 7.5, 7.0625], "texture": "#0"}
			}
		},
		{
			"from": [13.75, 0.4375, -0.1875],
			"to": [15.125, 1.0625, 0.9375],
			"faces": {
				"north": {"uv": [5.5, 2.25, 5.875, 2.4375], "texture": "#0"},
				"east": {"uv": [7.75, 0.5, 8.0625, 0.6875], "texture": "#0"},
				"south": {"uv": [6.5, 3.5, 6.875, 3.6875], "texture": "#0"},
				"west": {"uv": [7.75, 0.75, 8.0625, 0.9375], "texture": "#0"},
				"up": {"uv": [7.625, 4.8125, 7.25, 4.5], "texture": "#0"},
				"down": {"uv": [5.375, 7.25, 5, 7.5625], "texture": "#0"}
			}
		},
		{
			"from": [17.125, 1.3125, -0.25],
			"to": [22.75, 3.0625, 1],
			"faces": {
				"north": {"uv": [3.5, 3.75, 4.9375, 4.1875], "texture": "#0"},
				"east": {"uv": [7, 6.75, 7.3125, 7.1875], "texture": "#0"},
				"south": {"uv": [0, 4.25, 1.4375, 4.6875], "texture": "#0"},
				"west": {"uv": [0, 7.25, 0.3125, 7.6875], "texture": "#0"},
				"up": {"uv": [6.9375, 4.5625, 5.5, 4.25], "texture": "#0"},
				"down": {"uv": [1.4375, 5.75, 0, 6.0625], "texture": "#0"}
			}
		},
		{
			"from": [24.5, -0.125, -0.1875],
			"to": [30.625, 1.625, 0.9375],
			"faces": {
				"north": {"uv": [0, 3.75, 1.5625, 4.1875], "texture": "#0"},
				"east": {"uv": [4, 7.25, 4.3125, 7.6875], "texture": "#0"},
				"south": {"uv": [1.75, 3.75, 3.3125, 4.1875], "texture": "#0"},
				"west": {"uv": [4.5, 7.25, 4.8125, 7.6875], "texture": "#0"},
				"up": {"uv": [1.5625, 5.5625, 0, 5.25], "texture": "#0"},
				"down": {"uv": [3.3125, 5.25, 1.75, 5.5625], "texture": "#0"}
			}
		},
		{
			"from": [11, -1.1875, 0],
			"to": [14.5625, 1.0625, 0.75],
			"faces": {
				"north": {"uv": [4, 5, 4.875, 5.5625], "texture": "#0"},
				"east": {"uv": [7.5, 0.5, 7.6875, 1.0625], "texture": "#0"},
				"south": {"uv": [5, 5, 5.875, 5.5625], "texture": "#0"},
				"west": {"uv": [1, 7.5, 1.1875, 8.0625], "texture": "#0"},
				"up": {"uv": [7.375, 2.9375, 6.5, 2.75], "texture": "#0"},
				"down": {"uv": [7.375, 3, 6.5, 3.1875], "texture": "#0"}
			}
		},
		{
			"from": [4.4375, 5.25, -0.4375],
			"to": [5.875, 7.3125, 1.1875],
			"faces": {
				"north": {"uv": [6.5, 1, 6.875, 1.5], "texture": "#0"},
				"east": {"uv": [6, 1, 6.4375, 1.5], "texture": "#0"},
				"south": {"uv": [6.5, 2.25, 6.875, 2.75], "texture": "#0"},
				"west": {"uv": [6, 5, 6.4375, 5.5], "texture": "#0"},
				"up": {"uv": [6.875, 5.4375, 6.5, 5], "texture": "#0"},
				"down": {"uv": [6.875, 5.75, 6.5, 6.1875], "texture": "#0"}
			}
		},
		{
			"from": [16.75, 5.625, -0.4375],
			"to": [18.1875, 7.25, 1.1875],
			"faces": {
				"north": {"uv": [4, 6.75, 4.375, 7.1875], "texture": "#0"},
				"east": {"uv": [5.75, 6.25, 6.1875, 6.6875], "texture": "#0"},
				"south": {"uv": [4.5, 6.75, 4.875, 7.1875], "texture": "#0"},
				"west": {"uv": [6.25, 6.25, 6.6875, 6.6875], "texture": "#0"},
				"up": {"uv": [5.375, 7.1875, 5, 6.75], "texture": "#0"},
				"down": {"uv": [5.875, 6.75, 5.5, 7.1875], "texture": "#0"}
			}
		},
		{
			"from": [13.75, 4.1875, 0.1875],
			"to": [15.375, 4.75, 0.5625],
			"faces": {
				"north": {"uv": [3, 7.75, 3.4375, 7.875], "texture": "#0"},
				"east": {"uv": [8.25, 1, 8.375, 1.125], "texture": "#0"},
				"south": {"uv": [7.75, 3.25, 8.1875, 3.375], "texture": "#0"},
				"west": {"uv": [1.25, 8.25, 1.375, 8.375], "texture": "#0"},
				"up": {"uv": [8.1875, 3.625, 7.75, 3.5], "texture": "#0"},
				"down": {"uv": [4.4375, 7.75, 4, 7.875], "texture": "#0"}
			}
		},
		{
			"from": [9.75, 4.1875, 0.1875],
			"to": [11.0625, 4.75, 0.5625],
			"faces": {
				"north": {"uv": [7.75, 7.75, 8.0625, 7.875], "texture": "#0"},
				"east": {"uv": [8.25, 1.25, 8.375, 1.375], "texture": "#0"},
				"south": {"uv": [8, 0, 8.3125, 0.125], "texture": "#0"},
				"west": {"uv": [1.5, 8.25, 1.625, 8.375], "texture": "#0"},
				"up": {"uv": [8.3125, 0.375, 8, 0.25], "texture": "#0"},
				"down": {"uv": [0.8125, 8, 0.5, 8.125], "texture": "#0"}
			}
		},
		{
			"from": [11.0625, 4.4375, 0.1875],
			"to": [13.125, 4.6875, 0.5625],
			"faces": {
				"north": {"uv": [4.75, 8, 5.25, 8.0625], "texture": "#0"},
				"east": {"uv": [8.25, 2.75, 8.375, 2.8125], "texture": "#0"},
				"south": {"uv": [5.25, 8, 5.75, 8.0625], "texture": "#0"},
				"west": {"uv": [3, 8.25, 3.125, 8.3125], "texture": "#0"},
				"up": {"uv": [8, 3.125, 7.5, 3], "texture": "#0"},
				"down": {"uv": [8, 6, 7.5, 6.125], "texture": "#0"}
			}
		},
		{
			"from": [15.125, -0.1875, 0.25],
			"to": [17.1875, 0.125, 0.5],
			"faces": {
				"north": {"uv": [3.75, 8, 4.25, 8.0625], "texture": "#0"},
				"east": {"uv": [8.25, 3, 8.3125, 3.0625], "texture": "#0"},
				"south": {"uv": [8, 4, 8.5, 4.0625], "texture": "#0"},
				"west": {"uv": [3.25, 8.25, 3.3125, 8.3125], "texture": "#0"},
				"up": {"uv": [4.75, 8.0625, 4.25, 8], "texture": "#0"},
				"down": {"uv": [8.5, 4.25, 8, 4.3125], "texture": "#0"}
			}
		}
	],
	"display": {
		"thirdperson_righthand": {
			"rotation": [2, -90, 0],
			"translation": [-5.75, 5.75, -2.5],
			"scale": [0.67, 0.67, 0.67]
		},
		"thirdperson_lefthand": {
			"rotation": [0, 91, 0],
			"translation": [5.5, 5.75, 0],
			"scale": [0.67, 0.67, 0.67]
		},
		"firstperson_righthand": {
			"rotation": [2, -103, 0],
			"translation": [-0.5, 8, -8.25],
			"scale": [0.8, 0.8, 0.8]
		},
		"firstperson_lefthand": {
			"rotation": [2, 80, 0],
			"translation": [19, 6.75, -4],
			"scale": [0.8, 0.8, 0.8]
		},
		"ground": {
			"translation": [-3.25, 4.75, 4.5],
			"scale": [0.67, 0.67, 0.67]
		},
		"gui": {
			"rotation": [0, 0, 33],
			"translation": [-1.5, 2.5, 0],
			"scale": [-0.44, 0.44, 0.44]
		},
		"fixed": {
			"translation": [-0.25, 4.25, 5],
			"scale": [0.67, 0.67, 0.67]
		}
	}
}