{
	"credit": "Made with Blockbench",
	"texture_size": [64, 64],
	"textures": {
		"0": "item/zzapper",
		"particle": "item/zzapper"
	},
	"elements": [
		{
			"from": [23.8125, 0.4375, 0.125],
			"to": [31.5, 1.9375, 1.75],
			"faces": {
				"north": {"uv": [5.75, 4.75, 7.6875, 5.125], "texture": "#0"},
				"east": {"uv": [4.75, 8.25, 5.1875, 8.625], "texture": "#0"},
				"south": {"uv": [5.75, 5.25, 7.6875, 5.625], "texture": "#0"},
				"west": {"uv": [5.5, 8.25, 5.9375, 8.625], "texture": "#0"},
				"up": {"uv": [6.9375, 2.9375, 5, 2.5], "texture": "#0"},
				"down": {"uv": [7.4375, 4.25, 5.5, 4.6875], "texture": "#0"}
			}
		},
		{
			"from": [9.75, 0, 0],
			"to": [21.5, 2.5625, 1.875],
			"faces": {
				"north": {"uv": [4, 0, 6.9375, 0.625], "texture": "#0"},
				"east": {"uv": [0, 7.5, 0.5, 8.125], "texture": "#0"},
				"south": {"uv": [4, 0.75, 6.9375, 1.375], "texture": "#0"},
				"west": {"uv": [5.5, 7.5, 6, 8.125], "texture": "#0"},
				"up": {"uv": [6.9375, 2, 4, 1.5], "texture": "#0"},
				"down": {"uv": [6.9375, 3.25, 4, 3.75], "texture": "#0"}
			}
		},
		{
			"from": [-6.25, -1.125, 0.25],
			"to": [-2.75, -0.5, 1.625],
			"faces": {
				"north": {"uv": [7.75, 8.25, 8.625, 8.4375], "texture": "#0"},
				"east": {"uv": [8.75, 3.5, 9.125, 3.6875], "texture": "#0"},
				"south": {"uv": [0, 8.5, 0.875, 8.6875], "texture": "#0"},
				"west": {"uv": [5.5, 8.75, 5.875, 8.9375], "texture": "#0"},
				"up": {"uv": [8.375, 2.375, 7.5, 2], "texture": "#0"},
				"down": {"uv": [8.375, 2.5, 7.5, 2.875], "texture": "#0"}
			}
		},
		{
			"from": [-6.4375, 1.375, 0.25],
			"to": [-6.25, 2.6875, 1.625],
			"faces": {
				"north": {"uv": [2.25, 9.5, 2.3125, 9.8125], "texture": "#0"},
				"east": {"uv": [8.5, 2.5, 8.875, 2.8125], "texture": "#0"},
				"south": {"uv": [2.5, 9.5, 2.5625, 9.8125], "texture": "#0"},
				"west": {"uv": [8.5, 3, 8.875, 3.3125], "texture": "#0"},
				"up": {"uv": [1.8125, 9.875, 1.75, 9.5], "texture": "#0"},
				"down": {"uv": [2.0625, 9.5, 2, 9.875], "texture": "#0"}
			}
		},
		{
			"from": [4.125, -3.8125, 0.5],
			"to": [4.5625, -1.5625, 1.375],
			"faces": {
				"north": {"uv": [6, 8.75, 6.125, 9.3125], "texture": "#0"},
				"east": {"uv": [2.25, 6, 2.5, 6.5625], "texture": "#0"},
				"south": {"uv": [6.25, 8.75, 6.375, 9.3125], "texture": "#0"},
				"west": {"uv": [4.75, 7.25, 5, 7.8125], "texture": "#0"},
				"up": {"uv": [9.375, 2, 9.25, 1.75], "texture": "#0"},
				"down": {"uv": [2.625, 9.25, 2.5, 9.5], "texture": "#0"}
			}
		},
		{
			"from": [2, -2.5, 0.875],
			"to": [2.375, -1.5625, 1.25],
			"faces": {
				"north": {"uv": [2.75, 9.25, 2.875, 9.5], "texture": "#0"},
				"east": {"uv": [3, 9.25, 3.125, 9.5], "texture": "#0"},
				"south": {"uv": [3.25, 9.25, 3.375, 9.5], "texture": "#0"},
				"west": {"uv": [9.25, 3.5, 9.375, 3.75], "texture": "#0"},
				"up": {"uv": [9.875, 2.375, 9.75, 2.25], "texture": "#0"},
				"down": {"uv": [3.375, 9.75, 3.25, 9.875], "texture": "#0"}
			}
		},
		{
			"from": [1.875, -2.9375, 0.875],
			"to": [2.25, -2.375, 1.25],
			"rotation": {"angle": 22.5, "axis": "z", "origin": [2.25, -2.125, 0]},
			"faces": {
				"north": {"uv": [9.75, 3.5, 9.875, 3.625], "texture": "#0"},
				"east": {"uv": [3.75, 9.75, 3.875, 9.875], "texture": "#0"},
				"south": {"uv": [9.75, 3.75, 9.875, 3.875], "texture": "#0"},
				"west": {"uv": [4, 9.75, 4.125, 9.875], "texture": "#0"},
				"up": {"uv": [9.875, 4.125, 9.75, 4], "texture": "#0"},
				"down": {"uv": [4.375, 9.75, 4.25, 9.875], "texture": "#0"}
			}
		},
		{
			"from": [9.75, -0.5, 0.4375],
			"to": [31.5, -0.375, 1.4375],
			"faces": {
				"north": {"uv": [7.5, 0, 12.9375, 0.0625], "texture": "#0"},
				"east": {"uv": [9.75, 4.25, 10, 4.3125], "texture": "#0"},
				"south": {"uv": [7.5, 0.25, 12.9375, 0.3125], "texture": "#0"},
				"west": {"uv": [4.5, 9.75, 4.75, 9.8125], "texture": "#0"},
				"up": {"uv": [9.4375, 4, 4, 3.75], "texture": "#0"},
				"down": {"uv": [9.4375, 4, 4, 4.25], "texture": "#0"}
			}
		},
		{
			"from": [9.75, 2.875, 0.4375],
			"to": [31.5, 3, 1.4375],
			"faces": {
				"north": {"uv": [7.5, 0.5, 12.9375, 0.5625], "texture": "#0"},
				"east": {"uv": [4.75, 9.75, 5, 9.8125], "texture": "#0"},
				"south": {"uv": [7.5, 0.75, 12.9375, 0.8125], "texture": "#0"},
				"west": {"uv": [5, 9.75, 5.25, 9.8125], "texture": "#0"},
				"up": {"uv": [5.4375, 4.5, 0, 4.25], "texture": "#0"},
				"down": {"uv": [5.4375, 4.5, 0, 4.75], "texture": "#0"}
			}
		},
		{
			"from": [-6.25, -0.5, 0],
			"to": [9.75, 3, 1.875],
			"faces": {
				"north": {"uv": [0, 0, 4, 0.875], "texture": "#0"},
				"east": {"uv": [5.5, 6.5, 6, 7.375], "texture": "#0"},
				"south": {"uv": [0, 1, 4, 1.875], "texture": "#0"},
				"west": {"uv": [6, 6.5, 6.5, 7.375], "texture": "#0"},
				"up": {"uv": [4, 3.75, 0, 3.25], "texture": "#0"},
				"down": {"uv": [4, 3.75, 0, 4.25], "texture": "#0"}
			}
		},
		{
			"from": [4.6875, -6.375, 0.25],
			"to": [8.125, -5.3125, 1.625],
			"faces": {
				"north": {"uv": [7.75, 8, 8.625, 8.25], "texture": "#0"},
				"east": {"uv": [8.75, 1, 9.125, 1.25], "texture": "#0"},
				"south": {"uv": [0, 8.25, 0.875, 8.5], "texture": "#0"},
				"west": {"uv": [1.25, 8.75, 1.625, 9], "texture": "#0"},
				"up": {"uv": [3.625, 7.875, 2.75, 7.5], "texture": "#0"},
				"down": {"uv": [8.375, 3, 7.5, 3.375], "texture": "#0"}
			}
		},
		{
			"from": [-2.75, -7.125, 0.5625],
			"to": [-0.375, -4.6875, 1.1875],
			"faces": {
				"north": {"uv": [7, 6.5, 7.625, 7.125], "texture": "#0"},
				"east": {"uv": [4, 8.5, 4.1875, 9.125], "texture": "#0"},
				"south": {"uv": [1.25, 7.25, 1.875, 7.875], "texture": "#0"},
				"west": {"uv": [4.25, 8.5, 4.4375, 9.125], "texture": "#0"},
				"up": {"uv": [9.125, 4.4375, 8.5, 4.25], "texture": "#0"},
				"down": {"uv": [9.125, 4.5, 8.5, 4.6875], "texture": "#0"}
			}
		},
		{
			"from": [1.1875, -1.5625, 0.25],
			"to": [4.625, -0.5, 1.625],
			"faces": {
				"north": {"uv": [8.25, 1.5, 9.125, 1.75], "texture": "#0"},
				"east": {"uv": [8.75, 1.25, 9.125, 1.5], "texture": "#0"},
				"south": {"uv": [8.25, 1.75, 9.125, 2], "texture": "#0"},
				"west": {"uv": [2.25, 8.75, 2.625, 9], "texture": "#0"},
				"up": {"uv": [4.625, 7.875, 3.75, 7.5], "texture": "#0"},
				"down": {"uv": [8.375, 4.25, 7.5, 4.625], "texture": "#0"}
			}
		},
		{
			"from": [8.625, -1.1875, 0.25],
			"to": [10.9375, -0.5, 1.625],
			"faces": {
				"north": {"uv": [8.25, 8.5, 8.8125, 8.6875], "texture": "#0"},
				"east": {"uv": [6.5, 8.75, 6.875, 8.9375], "texture": "#0"},
				"south": {"uv": [0, 8.75, 0.5625, 8.9375], "texture": "#0"},
				"west": {"uv": [7, 8.75, 7.375, 8.9375], "texture": "#0"},
				"up": {"uv": [1.5625, 8.625, 1, 8.25], "texture": "#0"},
				"down": {"uv": [2.8125, 8.25, 2.25, 8.625], "texture": "#0"}
			}
		},
		{
			"from": [11, -0.375, 0],
			"to": [11.125, 0, 1.875],
			"faces": {
				"north": {"uv": [9.75, 6, 9.8125, 6.125], "texture": "#0"},
				"east": {"uv": [0, 9, 0.5, 9.125], "texture": "#0"},
				"south": {"uv": [9.75, 6.25, 9.8125, 6.375], "texture": "#0"},
				"west": {"uv": [0.5, 9, 1, 9.125], "texture": "#0"},
				"up": {"uv": [3.8125, 9.75, 3.75, 9.25], "texture": "#0"},
				"down": {"uv": [4.0625, 9.25, 4, 9.75], "texture": "#0"}
			}
		},
		{
			"from": [12.25, -0.375, 0],
			"to": [12.375, 0, 1.875],
			"faces": {
				"north": {"uv": [6.5, 9.75, 6.5625, 9.875], "texture": "#0"},
				"east": {"uv": [1, 9, 1.5, 9.125], "texture": "#0"},
				"south": {"uv": [6.75, 9.75, 6.8125, 9.875], "texture": "#0"},
				"west": {"uv": [2, 9, 2.5, 9.125], "texture": "#0"},
				"up": {"uv": [4.3125, 9.75, 4.25, 9.25], "texture": "#0"},
				"down": {"uv": [9.3125, 4.25, 9.25, 4.75], "texture": "#0"}
			}
		},
		{
			"from": [13.5625, -0.375, 0],
			"to": [13.6875, 0, 1.875],
			"faces": {
				"north": {"uv": [7, 9.75, 7.0625, 9.875], "texture": "#0"},
				"east": {"uv": [2.5, 9, 3, 9.125], "texture": "#0"},
				"south": {"uv": [9.75, 7, 9.8125, 7.125], "texture": "#0"},
				"west": {"uv": [9, 2.5, 9.5, 2.625], "texture": "#0"},
				"up": {"uv": [4.5625, 9.75, 4.5, 9.25], "texture": "#0"},
				"down": {"uv": [4.8125, 9.25, 4.75, 9.75], "texture": "#0"}
			}
		},
		{
			"from": [14.8125, -0.375, 0],
			"to": [14.9375, 0, 1.875],
			"faces": {
				"north": {"uv": [7.25, 9.75, 7.3125, 9.875], "texture": "#0"},
				"east": {"uv": [9, 2.75, 9.5, 2.875], "texture": "#0"},
				"south": {"uv": [9.75, 7.25, 9.8125, 7.375], "texture": "#0"},
				"west": {"uv": [3, 9, 3.5, 9.125], "texture": "#0"},
				"up": {"uv": [5.0625, 9.75, 5, 9.25], "texture": "#0"},
				"down": {"uv": [5.5625, 9.25, 5.5, 9.75], "texture": "#0"}
			}
		},
		{
			"from": [16.125, -0.375, 0],
			"to": [16.25, 0, 1.875],
			"faces": {
				"north": {"uv": [7.5, 9.75, 7.5625, 9.875], "texture": "#0"},
				"east": {"uv": [9, 3, 9.5, 3.125], "texture": "#0"},
				"south": {"uv": [7.75, 9.75, 7.8125, 9.875], "texture": "#0"},
				"west": {"uv": [9, 3.25, 9.5, 3.375], "texture": "#0"},
				"up": {"uv": [5.8125, 9.75, 5.75, 9.25], "texture": "#0"},
				"down": {"uv": [6.5625, 9.25, 6.5, 9.75], "texture": "#0"}
			}
		},
		{
			"from": [17.375, -0.375, 0],
			"to": [17.5, 0, 1.875],
			"faces": {
				"north": {"uv": [8, 9.75, 8.0625, 9.875], "texture": "#0"},
				"east": {"uv": [9, 4.75, 9.5, 4.875], "texture": "#0"},
				"south": {"uv": [9.75, 8, 9.8125, 8.125], "texture": "#0"},
				"west": {"uv": [9, 5, 9.5, 5.125], "texture": "#0"},
				"up": {"uv": [6.8125, 9.75, 6.75, 9.25], "texture": "#0"},
				"down": {"uv": [7.0625, 9.25, 7, 9.75], "texture": "#0"}
			}
		},
		{
			"from": [18.6875, -0.375, 0],
			"to": [18.8125, 0, 1.875],
			"faces": {
				"north": {"uv": [8.25, 9.75, 8.3125, 9.875], "texture": "#0"},
				"east": {"uv": [9, 5.25, 9.5, 5.375], "texture": "#0"},
				"south": {"uv": [9.75, 8.25, 9.8125, 8.375], "texture": "#0"},
				"west": {"uv": [5.5, 9, 6, 9.125], "texture": "#0"},
				"up": {"uv": [9.3125, 7.5, 9.25, 7], "texture": "#0"},
				"down": {"uv": [7.3125, 9.25, 7.25, 9.75], "texture": "#0"}
			}
		},
		{
			"from": [19.9375, -0.375, 0],
			"to": [20.0625, 0, 1.875],
			"faces": {
				"north": {"uv": [9.75, 8.75, 9.8125, 8.875], "texture": "#0"},
				"east": {"uv": [9, 5.5, 9.5, 5.625], "texture": "#0"},
				"south": {"uv": [9, 9.75, 9.0625, 9.875], "texture": "#0"},
				"west": {"uv": [9, 5.75, 9.5, 5.875], "texture": "#0"},
				"up": {"uv": [7.5625, 9.75, 7.5, 9.25], "texture": "#0"},
				"down": {"uv": [9.3125, 7.5, 9.25, 8], "texture": "#0"}
			}
		},
		{
			"from": [21.25, -0.375, 0],
			"to": [21.375, 0, 1.875],
			"faces": {
				"north": {"uv": [9.5, 9.75, 9.5625, 9.875], "texture": "#0"},
				"east": {"uv": [9, 6, 9.5, 6.125], "texture": "#0"},
				"south": {"uv": [9.75, 9.75, 9.8125, 9.875], "texture": "#0"},
				"west": {"uv": [9, 6.25, 9.5, 6.375], "texture": "#0"},
				"up": {"uv": [7.8125, 9.75, 7.75, 9.25], "texture": "#0"},
				"down": {"uv": [8.0625, 9.25, 8, 9.75], "texture": "#0"}
			}
		},
		{
			"from": [21.25, 2.5625, 0.375],
			"to": [21.375, 2.875, 1.5],
			"faces": {
				"north": {"uv": [1.25, 10, 1.3125, 10.0625], "texture": "#0"},
				"east": {"uv": [9.5, 1.75, 9.8125, 1.8125], "texture": "#0"},
				"south": {"uv": [10, 1.25, 10.0625, 1.3125], "texture": "#0"},
				"west": {"uv": [9.5, 2.5, 9.8125, 2.5625], "texture": "#0"},
				"up": {"uv": [2.8125, 9.8125, 2.75, 9.5], "texture": "#0"},
				"down": {"uv": [9.5625, 2.75, 9.5, 3.0625], "texture": "#0"}
			}
		},
		{
			"from": [19.9375, 2.5625, 0.375],
			"to": [20.0625, 2.875, 1.5],
			"faces": {
				"north": {"uv": [1.5, 10, 1.5625, 10.0625], "texture": "#0"},
				"east": {"uv": [3, 9.5, 3.3125, 9.5625], "texture": "#0"},
				"south": {"uv": [10, 1.5, 10.0625, 1.5625], "texture": "#0"},
				"west": {"uv": [9.5, 3.25, 9.8125, 3.3125], "texture": "#0"},
				"up": {"uv": [9.5625, 3.8125, 9.5, 3.5], "texture": "#0"},
				"down": {"uv": [9.5625, 4, 9.5, 4.3125], "texture": "#0"}
			}
		},
		{
			"from": [18.6875, 2.5625, 0.375],
			"to": [18.8125, 2.875, 1.5],
			"faces": {
				"north": {"uv": [1.75, 10, 1.8125, 10.0625], "texture": "#0"},
				"east": {"uv": [9.5, 4.5, 9.8125, 4.5625], "texture": "#0"},
				"south": {"uv": [10, 1.75, 10.0625, 1.8125], "texture": "#0"},
				"west": {"uv": [9.5, 4.75, 9.8125, 4.8125], "texture": "#0"},
				"up": {"uv": [9.5625, 5.3125, 9.5, 5], "texture": "#0"},
				"down": {"uv": [5.3125, 9.5, 5.25, 9.8125], "texture": "#0"}
			}
		},
		{
			"from": [17.375, 2.5625, 0.375],
			"to": [17.5, 2.875, 1.5],
			"faces": {
				"north": {"uv": [2, 10, 2.0625, 10.0625], "texture": "#0"},
				"east": {"uv": [9.5, 5.5, 9.8125, 5.5625], "texture": "#0"},
				"south": {"uv": [2.25, 10, 2.3125, 10.0625], "texture": "#0"},
				"west": {"uv": [9.5, 5.75, 9.8125, 5.8125], "texture": "#0"},
				"up": {"uv": [6.0625, 9.8125, 6, 9.5], "texture": "#0"},
				"down": {"uv": [9.5625, 6, 9.5, 6.3125], "texture": "#0"}
			}
		},
		{
			"from": [16.125, 2.5625, 0.375],
			"to": [16.25, 2.875, 1.5],
			"faces": {
				"north": {"uv": [10, 2.25, 10.0625, 2.3125], "texture": "#0"},
				"east": {"uv": [9.5, 6.5, 9.8125, 6.5625], "texture": "#0"},
				"south": {"uv": [2.5, 10, 2.5625, 10.0625], "texture": "#0"},
				"west": {"uv": [9.5, 6.75, 9.8125, 6.8125], "texture": "#0"},
				"up": {"uv": [6.3125, 9.8125, 6.25, 9.5], "texture": "#0"},
				"down": {"uv": [9.5625, 7, 9.5, 7.3125], "texture": "#0"}
			}
		},
		{
			"from": [14.8125, 2.5625, 0.375],
			"to": [14.9375, 2.875, 1.5],
			"faces": {
				"north": {"uv": [10, 2.5, 10.0625, 2.5625], "texture": "#0"},
				"east": {"uv": [9.5, 7.5, 9.8125, 7.5625], "texture": "#0"},
				"south": {"uv": [2.75, 10, 2.8125, 10.0625], "texture": "#0"},
				"west": {"uv": [9.5, 7.75, 9.8125, 7.8125], "texture": "#0"},
				"up": {"uv": [9.5625, 8.3125, 9.5, 8], "texture": "#0"},
				"down": {"uv": [8.5625, 9.5, 8.5, 9.8125], "texture": "#0"}
			}
		},
		{
			"from": [13.5625, 2.5625, 0.375],
			"to": [13.6875, 2.875, 1.5],
			"faces": {
				"north": {"uv": [10, 2.75, 10.0625, 2.8125], "texture": "#0"},
				"east": {"uv": [9.5, 8.5, 9.8125, 8.5625], "texture": "#0"},
				"south": {"uv": [10, 3, 10.0625, 3.0625], "texture": "#0"},
				"west": {"uv": [9.5, 9, 9.8125, 9.0625], "texture": "#0"},
				"up": {"uv": [8.8125, 9.8125, 8.75, 9.5], "texture": "#0"},
				"down": {"uv": [9.3125, 9.5, 9.25, 9.8125], "texture": "#0"}
			}
		},
		{
			"from": [12.25, 2.5625, 0.375],
			"to": [12.375, 2.875, 1.5],
			"faces": {
				"north": {"uv": [3.25, 10, 3.3125, 10.0625], "texture": "#0"},
				"east": {"uv": [9.5, 9.25, 9.8125, 9.3125], "texture": "#0"},
				"south": {"uv": [10, 3.25, 10.0625, 3.3125], "texture": "#0"},
				"west": {"uv": [9.5, 9.5, 9.8125, 9.5625], "texture": "#0"},
				"up": {"uv": [0.5625, 10.0625, 0.5, 9.75], "texture": "#0"},
				"down": {"uv": [0.8125, 9.75, 0.75, 10.0625], "texture": "#0"}
			}
		},
		{
			"from": [11, 2.5625, 0.375],
			"to": [11.125, 2.875, 1.5],
			"faces": {
				"north": {"uv": [3.5, 10, 3.5625, 10.0625], "texture": "#0"},
				"east": {"uv": [1, 9.75, 1.3125, 9.8125], "texture": "#0"},
				"south": {"uv": [10, 3.5, 10.0625, 3.5625], "texture": "#0"},
				"west": {"uv": [9.75, 2, 10.0625, 2.0625], "texture": "#0"},
				"up": {"uv": [9.8125, 3.0625, 9.75, 2.75], "texture": "#0"},
				"down": {"uv": [3.0625, 9.75, 3, 10.0625], "texture": "#0"}
			}
		},
		{
			"from": [31.5, -0.8125, 0],
			"to": [31.75, 3.25, 1.875],
			"faces": {
				"north": {"uv": [1.5, 9, 1.5625, 10], "texture": "#0"},
				"east": {"uv": [3.25, 6.25, 3.75, 7.25], "texture": "#0"},
				"south": {"uv": [3.5, 9, 3.5625, 10], "texture": "#0"},
				"west": {"uv": [3.75, 6.25, 4.25, 7.25], "texture": "#0"},
				"up": {"uv": [9.3125, 8.5, 9.25, 8], "texture": "#0"},
				"down": {"uv": [8.3125, 9.25, 8.25, 9.75], "texture": "#0"}
			}
		},
		{
			"from": [31.75, 0.375, 0.125],
			"to": [32, 2, 1.75],
			"faces": {
				"north": {"uv": [9, 9.25, 9.0625, 9.6875], "texture": "#0"},
				"east": {"uv": [3, 8.25, 3.4375, 8.6875], "texture": "#0"},
				"south": {"uv": [9.25, 9, 9.3125, 9.4375], "texture": "#0"},
				"west": {"uv": [3.5, 8.25, 3.9375, 8.6875], "texture": "#0"},
				"up": {"uv": [0.0625, 9.9375, 0, 9.5], "texture": "#0"},
				"down": {"uv": [0.3125, 9.5, 0.25, 9.9375], "texture": "#0"}
			}
		},
		{
			"from": [-15.75, -2.8125, 0],
			"to": [-6.25, 1.4375, 1.875],
			"faces": {
				"north": {"uv": [0, 2, 2.375, 3.0625], "texture": "#0"},
				"east": {"uv": [1.25, 6, 1.75, 7.0625], "texture": "#0"},
				"south": {"uv": [2.5, 2, 4.875, 3.0625], "texture": "#0"},
				"west": {"uv": [1.75, 6, 2.25, 7.0625], "texture": "#0"},
				"up": {"uv": [4.875, 5.25, 2.5, 4.75], "texture": "#0"},
				"down": {"uv": [7.375, 2, 5, 2.5], "texture": "#0"}
			}
		},
		{
			"from": [4.5625, -5.3125, 0.25],
			"to": [8.6875, -0.5, 1.625],
			"faces": {
				"north": {"uv": [0, 4.75, 1.0625, 5.9375], "texture": "#0"},
				"east": {"uv": [0.75, 6.5, 1.125, 7.6875], "texture": "#0"},
				"south": {"uv": [1.25, 4.75, 2.3125, 5.9375], "texture": "#0"},
				"west": {"uv": [5, 6.5, 5.375, 7.6875], "texture": "#0"},
				"up": {"uv": [8.0625, 1.875, 7, 1.5], "texture": "#0"},
				"down": {"uv": [8.0625, 5.75, 7, 6.125], "texture": "#0"}
			}
		},
		{
			"from": [-7.625, -3.5, 0.5],
			"to": [-6.1875, -2.8125, 1.25],
			"faces": {
				"north": {"uv": [8.75, 8, 9.125, 8.1875], "texture": "#0"},
				"east": {"uv": [1, 9.25, 1.1875, 9.4375], "texture": "#0"},
				"south": {"uv": [8.25, 8.75, 8.625, 8.9375], "texture": "#0"},
				"west": {"uv": [1.25, 9.25, 1.4375, 9.4375], "texture": "#0"},
				"up": {"uv": [9.125, 8.4375, 8.75, 8.25], "texture": "#0"},
				"down": {"uv": [9.125, 8.75, 8.75, 8.9375], "texture": "#0"}
			}
		},
		{
			"from": [-0.75, -6.4375, 0.5],
			"to": [1.6875, 0.125, 1.25],
			"rotation": {"angle": -22.5, "axis": "z", "origin": [0, 0, 0]},
			"faces": {
				"north": {"uv": [5, 4.75, 5.625, 6.375], "texture": "#0"},
				"east": {"uv": [2, 7.25, 2.1875, 8.875], "texture": "#0"},
				"south": {"uv": [2.5, 5.25, 3.125, 6.875], "texture": "#0"},
				"west": {"uv": [5.25, 7.75, 5.4375, 9.375], "texture": "#0"},
				"up": {"uv": [6.625, 8.6875, 6, 8.5], "texture": "#0"},
				"down": {"uv": [7.375, 8.5, 6.75, 8.6875], "texture": "#0"}
			}
		},
		{
			"from": [9.375, 3.0625, 0.5],
			"to": [10.8125, 7.375, 1.375],
			"rotation": {"angle": -45, "axis": "z", "origin": [0, 0, 0]},
			"faces": {
				"north": {"uv": [2.25, 7, 2.625, 8.0625], "texture": "#0"},
				"east": {"uv": [1.75, 8, 2, 9.0625], "texture": "#0"},
				"south": {"uv": [7, 2.5, 7.375, 3.5625], "texture": "#0"},
				"west": {"uv": [7.5, 8, 7.75, 9.0625], "texture": "#0"},
				"up": {"uv": [3.125, 7.25, 2.75, 7], "texture": "#0"},
				"down": {"uv": [1.125, 8.75, 0.75, 9], "texture": "#0"}
			}
		},
		{
			"from": [7.9375, 3.0625, 0.5],
			"to": [9.375, 4.375, 1.375],
			"rotation": {"angle": -45, "axis": "z", "origin": [0, 0, 0]},
			"faces": {
				"north": {"uv": [8.5, 7.5, 8.875, 7.8125], "texture": "#0"},
				"east": {"uv": [4.75, 8.75, 5, 9.0625], "texture": "#0"},
				"south": {"uv": [7.75, 8.5, 8.125, 8.8125], "texture": "#0"},
				"west": {"uv": [5, 8.75, 5.25, 9.0625], "texture": "#0"},
				"up": {"uv": [3.125, 9, 2.75, 8.75], "texture": "#0"},
				"down": {"uv": [3.625, 8.75, 3.25, 9], "texture": "#0"}
			}
		},
		{
			"from": [8.125, 6.625, 0.5],
			"to": [9, 7.4375, 1.375],
			"rotation": {"angle": -45, "axis": "z", "origin": [0, 0, 0]},
			"faces": {
				"north": {"uv": [8.75, 9, 9, 9.1875], "texture": "#0"},
				"east": {"uv": [9, 9, 9.25, 9.1875], "texture": "#0"},
				"south": {"uv": [0, 9.25, 0.25, 9.4375], "texture": "#0"},
				"west": {"uv": [0.25, 9.25, 0.5, 9.4375], "texture": "#0"},
				"up": {"uv": [2.5, 7, 2.25, 6.75], "texture": "#0"},
				"down": {"uv": [0.75, 7.5, 0.5, 7.75], "texture": "#0"}
			}
		},
		{
			"from": [-8.25, -6.4375, 0.5],
			"to": [-0.75, -5.5, 1.25],
			"rotation": {"angle": -22.5, "axis": "z", "origin": [0, 0, 0]},
			"faces": {
				"north": {"uv": [5, 3, 6.875, 3.25], "texture": "#0"},
				"east": {"uv": [0.5, 9.25, 0.6875, 9.5], "texture": "#0"},
				"south": {"uv": [5.75, 6.25, 7.625, 6.5], "texture": "#0"},
				"west": {"uv": [0.75, 9.25, 0.9375, 9.5], "texture": "#0"},
				"up": {"uv": [4.625, 7.4375, 2.75, 7.25], "texture": "#0"},
				"down": {"uv": [8.875, 7.25, 7, 7.4375], "texture": "#0"}
			}
		},
		{
			"from": [1.625, -2.3125, 0.75],
			"to": [3.6875, -2.0625, 1.125],
			"rotation": {"angle": -22.5, "axis": "z", "origin": [0, 0, 0]},
			"faces": {
				"north": {"uv": [8.5, 9.25, 9, 9.3125], "texture": "#0"},
				"east": {"uv": [0, 10, 0.125, 10.0625], "texture": "#0"},
				"south": {"uv": [9.25, 8.75, 9.75, 8.8125], "texture": "#0"},
				"west": {"uv": [0.25, 10, 0.375, 10.0625], "texture": "#0"},
				"up": {"uv": [7, 9.125, 6.5, 9], "texture": "#0"},
				"down": {"uv": [9.5, 6.5, 9, 6.625], "texture": "#0"}
			}
		},
		{
			"from": [1, -4.25, 0.75],
			"to": [2.8125, -4, 1.125],
			"rotation": {"angle": 22.5, "axis": "z", "origin": [0, 0, 0]},
			"faces": {
				"north": {"uv": [0.5, 9.5, 0.9375, 9.5625], "texture": "#0"},
				"east": {"uv": [1, 10, 1.125, 10.0625], "texture": "#0"},
				"south": {"uv": [1, 9.5, 1.4375, 9.5625], "texture": "#0"},
				"west": {"uv": [10, 1, 10.125, 1.0625], "texture": "#0"},
				"up": {"uv": [8.6875, 9.125, 8.25, 9], "texture": "#0"},
				"down": {"uv": [9.4375, 8.5, 9, 8.625], "texture": "#0"}
			}
		},
		{
			"from": [21.5, -0.375, 0],
			"to": [23.8125, 2.875, 1.875],
			"faces": {
				"north": {"uv": [4.25, 6.25, 4.8125, 7.0625], "texture": "#0"},
				"east": {"uv": [6.5, 6.5, 7, 7.3125], "texture": "#0"},
				"south": {"uv": [0, 6.5, 0.5625, 7.3125], "texture": "#0"},
				"west": {"uv": [7, 0, 7.5, 0.8125], "texture": "#0"},
				"up": {"uv": [6.5625, 8.5, 6, 8], "texture": "#0"},
				"down": {"uv": [7.3125, 8, 6.75, 8.5], "texture": "#0"}
			}
		},
		{
			"from": [26.375, 1.75, 0.4375],
			"to": [29.25, 1.875, 1.4375],
			"rotation": {"angle": -22.5, "axis": "z", "origin": [29.1875, 2, 0]},
			"faces": {
				"north": {"uv": [9.25, 1, 10, 1.0625], "texture": "#0"},
				"east": {"uv": [9.75, 5, 10, 5.0625], "texture": "#0"},
				"south": {"uv": [9.25, 1.25, 10, 1.3125], "texture": "#0"},
				"west": {"uv": [9.75, 5.25, 10, 5.3125], "texture": "#0"},
				"up": {"uv": [1.25, 8, 0.5, 7.75], "texture": "#0"},
				"down": {"uv": [4.75, 8.25, 4, 8.5], "texture": "#0"}
			}
		},
		{
			"from": [26.375, -0.625, 0.4375],
			"to": [29.25, -0.5, 1.4375],
			"rotation": {"angle": -22.5, "axis": "z", "origin": [29.1875, 2, 0]},
			"faces": {
				"north": {"uv": [9.25, 1.5, 10, 1.5625], "texture": "#0"},
				"east": {"uv": [5.5, 9.75, 5.75, 9.8125], "texture": "#0"},
				"south": {"uv": [1.75, 9.25, 2.5, 9.3125], "texture": "#0"},
				"west": {"uv": [5.75, 9.75, 6, 9.8125], "texture": "#0"},
				"up": {"uv": [9, 6, 8.25, 5.75], "texture": "#0"},
				"down": {"uv": [9, 6, 8.25, 6.25], "texture": "#0"}
			}
		},
		{
			"from": [10.9375, -2.4375, 0.5],
			"to": [17.3125, -1.0625, 1.375],
			"faces": {
				"north": {"uv": [3.25, 5.25, 4.875, 5.625], "texture": "#0"},
				"east": {"uv": [4.5, 8.5, 4.75, 8.875], "texture": "#0"},
				"south": {"uv": [3.25, 5.75, 4.875, 6.125], "texture": "#0"},
				"west": {"uv": [3.75, 8.75, 4, 9.125], "texture": "#0"},
				"up": {"uv": [8.625, 1.25, 7, 1], "texture": "#0"},
				"down": {"uv": [8.625, 1.25, 7, 1.5], "texture": "#0"}
			}
		},
		{
			"from": [4.1875, 3, 0],
			"to": [8.8125, 3.375, 1.875],
			"faces": {
				"north": {"uv": [8.5, 2, 9.6875, 2.125], "texture": "#0"},
				"east": {"uv": [9, 6.75, 9.5, 6.875], "texture": "#0"},
				"south": {"uv": [8.5, 2.25, 9.6875, 2.375], "texture": "#0"},
				"west": {"uv": [7, 9, 7.5, 9.125], "texture": "#0"},
				"up": {"uv": [6.9375, 6.25, 5.75, 5.75], "texture": "#0"},
				"down": {"uv": [1.1875, 6, 0, 6.5], "texture": "#0"}
			}
		},
		{
			"from": [-13.5, -2.375, -0.1875],
			"to": [-8.5, -1.375, 0.8125],
			"faces": {
				"north": {"uv": [7.5, 3.5, 8.75, 3.75], "texture": "#0"},
				"east": {"uv": [5, 7.75, 5.25, 8], "texture": "#0"},
				"south": {"uv": [6, 7.5, 7.25, 7.75], "texture": "#0"},
				"west": {"uv": [4.5, 9, 4.75, 9.25], "texture": "#0"},
				"up": {"uv": [8.5, 7.75, 7.25, 7.5], "texture": "#0"},
				"down": {"uv": [9, 4.75, 7.75, 5], "texture": "#0"}
			}
		},
		{
			"from": [-14.875, -1.125, -0.1875],
			"to": [-9.875, -0.125, 0.8125],
			"faces": {
				"north": {"uv": [7.75, 5, 9, 5.25], "texture": "#0"},
				"east": {"uv": [9, 7, 9.25, 7.25], "texture": "#0"},
				"south": {"uv": [7.75, 5.25, 9, 5.5], "texture": "#0"},
				"west": {"uv": [9, 7.25, 9.25, 7.5], "texture": "#0"},
				"up": {"uv": [9, 5.75, 7.75, 5.5], "texture": "#0"},
				"down": {"uv": [7.25, 7.75, 6, 8], "texture": "#0"}
			}
		},
		{
			"from": [-14.875, -1.125, 1.0625],
			"to": [-9.875, -0.125, 2.0625],
			"faces": {
				"north": {"uv": [7.25, 7.75, 8.5, 8], "texture": "#0"},
				"east": {"uv": [9, 7.75, 9.25, 8], "texture": "#0"},
				"south": {"uv": [0.5, 8, 1.75, 8.25], "texture": "#0"},
				"west": {"uv": [8, 9, 8.25, 9.25], "texture": "#0"},
				"up": {"uv": [4, 8.25, 2.75, 8], "texture": "#0"},
				"down": {"uv": [5.25, 8, 4, 8.25], "texture": "#0"}
			}
		},
		{
			"from": [-13.5, -2.375, 1.0625],
			"to": [-8.5, -1.375, 2.0625],
			"faces": {
				"north": {"uv": [7.75, 6.25, 9, 6.5], "texture": "#0"},
				"east": {"uv": [9, 7.5, 9.25, 7.75], "texture": "#0"},
				"south": {"uv": [7.75, 6.5, 9, 6.75], "texture": "#0"},
				"west": {"uv": [7.75, 9, 8, 9.25], "texture": "#0"},
				"up": {"uv": [9, 7, 7.75, 6.75], "texture": "#0"},
				"down": {"uv": [9, 7, 7.75, 7.25], "texture": "#0"}
			}
		}
	],
	"display": {
		"thirdperson_righthand": {
			"rotation": [2, 91, 0],
			"translation": [5.5, 9.75, -1.75],
			"scale": [0.8, 0.8, 0.8]
		},
		"thirdperson_lefthand": {
			"rotation": [0, -93, 0],
			"translation": [-5, 9.25, -1.75],
			"scale": [0.8, 0.8, 0.8]
		},
		"firstperson_righthand": {
			"rotation": [2, 91, 0],
			"translation": [8, 8.5, -1.75],
			"scale": [0.8, 0.8, 0.8]
		},
		"firstperson_lefthand": {
			"rotation": [2, -97, 3],
			"translation": [3.5, 8, -4],
			"scale": [0.8, 0.8, 0.8]
		},
		"ground": {
			"rotation": [2, 91, 0],
			"translation": [6, 5.75, 0],
			"scale": [0.6, 0.6, 0.6]
		},
		"gui": {
			"rotation": [0, 0, 28],
			"translation": [-1.5, 2.75, 0],
			"scale": [0.4, 0.4, 0.4]
		},
		"fixed": {
			"translation": [0, 10, 7]
		}
	}
}